site_no,n,skew,dec_lat_va,dec_long_va
05049000,75,-0.8197291773759305,45.82087626,-96.4902245
05051600,61,-0.882334784598409,46.0221855,-97.511485
05051650,36,-1.2208560959080823,45.8925147,-97.3619276
05052000,21,-0.3211885926211922,46.17245926,-97.0106403
05052500,59,-0.9956895566330038,46.31134769,-96.7345217
05053000,27,-1.1137455013498505,46.4705168,-96.7823018
05054000,43,0.14638900980482464,46.861075,-96.7836924
05054500,69,-0.09241629201579689,47.7027775,-99.9490145
05055300,20,-0.23406610068784484,47.90777778,-99.4155556
05056000,73,-0.5737819490522427,47.8055534,-98.7162172
05056200,69,-1.5880102761361143,48.33667157,-98.6603958
05056215,36,-1.8460414315178788,48.2663928,-98.6809499
05056239,44,-0.7865454327644977,48.3205591,-98.9406851
05056340,27,-1.7194419258609586,48.2433322,-99.3729125
05057000,78,-0.5352524612228388,47.43277097,-98.0275954
05057200,69,-0.3167632521203394,47.2291562,-98.1248189
05059500,28,-0.05398357301858453,46.8910784,-96.9070286
05059600,59,-1.7095095663496347,47.32498855,-97.7906537
05059700,68,-0.7069093761223528,46.6216388,-97.5739851
05060000,27,-0.7775812504673137,46.8660826,-97.106477
05060100,29,-0.29712105524482396,46.9052487,-97.052587
05060500,77,-0.5250725022865929,47.0166413,-97.214254
05061000,81,-0.4388660109860338,46.851975,-96.32912
05061200,64,-0.08430855499159452,46.659857,-96.398873
05061500,80,-0.21744724896468268,46.77566,-96.627747
05062000,94,-0.41731553852302544,46.963238,-96.661716
05062200,23,-1.7929062111086815,47.29164638,-97.114253
05062500,102,-0.25485163756429474,47.26555556,-96.2475
05063398,20,-0.7076365959490293,47.113291,-96.386064
05064900,26,-0.9684192854480881,47.5947222,-97.7091667
05065500,58,-0.4833100913373803,47.5377646,-97.453424
05066500,97,-0.7766688319885815,47.40942385,-97.0611974
05069000,81,-0.5309710518968941,47.61191807,-96.8147998
05076000,113,-1.604444338047073,48.186179,-96.169948
05076500,21,-0.564678738672216,48.11107957,-96.1808698
05078000,86,-0.17098328182196634,47.923479,-96.046235
05078230,64,-0.6593239036455038,47.843794,-95.85835
05078500,99,-0.280026654169566,47.88620556,-96.2765806
05079000,123,-0.5281180236078493,47.7753946,-96.6100767
05080000,24,-0.49001963786545605,47.8006388,-96.8095627
05082500,61,-0.08217817590277735,47.9269234,-97.0292435
05083000,38,0.28465903194133674,48.078595,-97.1845207
05117500,36,-1.063955497105711,48.2457899,-101.371361
05119410,44,-0.5231233918208825,48.058342,-100.9504287
05278500,20,-0.41242663224042947,44.93551759,-94.6752713
05278930,40,-0.6100395342084058,44.763621,-94.091211
05289985,36,-0.8818081079157367,45.4874332,-96.9584379
05290000,69,-0.4481199237325253,45.6159585,-96.875549
05291000,96,-0.5433264826867936,45.2833888,-96.5103877
05292704,34,-1.033661871213193,45.18913155,-96.415332
05293000,83,-0.6788480525495761,45.22619686,-96.348488
05294000,90,-0.08758005485731346,45.2034288,-96.0195791
05299750,36,-0.15567770528291117,44.736184,-96.419142
05300000,96,-0.16194597746868658,44.995275,-95.919633
05304500,86,-0.27200992278563135,45.1085449,-95.79877
05311000,32,-0.464041343087041,44.932716,-95.733632
05311400,55,-0.31144828117163326,44.563543,-95.996204
05313500,92,-0.6748634452212791,44.71533,-95.543937
05313780,26,-0.9769147840376786,44.86968,-95.4833518
05315000,84,-0.5310885367982775,44.430156,-95.82945
05315200,27,-0.7941401257730205,44.4955143,-95.7969666
05316500,98,-0.5189958432653567,44.523579,-95.171378
05316570,51,-0.09457328920629521,44.583938,-95.047504
05316900,25,-0.13351098306952838,44.122457,-95.2038833
05317000,97,-0.5290182421080891,44.289217,-94.439427
05317200,47,0.1968249067713428,44.24661827,-94.3390394
05318000,35,-0.5372201997124575,43.6305099,-93.7905038
05319500,57,-0.143067200697086,44.04621625,-94.1948741
05320000,32,-0.6804088955882759,44.09593967,-94.1096097
05320480,53,0.04027196600254981,44.06533925,-94.026197
05320500,82,-1.066733525676701,44.11760477,-94.0502846
05325000,121,-0.6477384873568587,44.17002549,-94.0023121
05342000,27,-0.03221295234268588,44.8308333,-92.7330556
05344500,95,-0.2601794487699444,44.747085,-92.802152
05345000,55,-0.06287156587633269,44.66663318,-93.0549358
05353800,53,-0.44495755256833674,44.257882,-93.231121
05370000,45,0.2650727217165097,44.85277778,-92.2383333
05411700,38,-0.4812624673630636,43.2491366,-92.3090624
05416900,24,-0.08784022071453364,42.4699878,-91.4487147
05417000,53,-0.6021499616085345,42.45609978,-91.4323704
05418400,26,-0.4785446276761672,42.1643333,-90.7293333
05418500,111,-0.3450743137397821,42.08335278,-90.6329167
05420560,35,-0.7838442385842038,43.2416088,-92.5330973
05420640,41,-0.08555273994743973,43.2416362,-92.4512885
05420680,29,0.24815577197628855,42.83609167,-92.2574
05421000,90,-0.30911714357220327,42.46359796,-91.8951722
05421550,33,0.19241843784274323,42.49748506,-91.728498
05421740,23,-0.4533743956339346,42.0833611,-91.2673889
05422000,90,-0.12154384089155117,41.7669722,-90.5348556
05422470,30,-0.10740384285415226,41.55114444,-90.4551306
05422560,23,-1.563337536507556,41.55669745,-90.6876409
05422600,31,-0.08537586350535087,41.54611366,-90.5240022
05449000,47,0.02784616958006143,43.0094078,-93.6279895
05449500,83,-0.30038157817212513,42.7599722,-93.6216389
05451210,29,-0.38260363992619406,42.31530556,-93.1521944
05451500,108,-0.3899180135521186,42.06582096,-92.9076997
05451700,74,-0.4684386846376608,42.008875,-92.8524194
05451900,75,-0.4034682412364252,41.89943868,-92.474355
05452000,80,0.34217103327225784,41.9641611,-92.3132417
05452200,75,-0.7508791476349215,41.8349969,-92.386297
05452500,32,-0.05087069585734996,41.85905556,-92.2779167
05453000,79,-0.984716882503622,41.74944709,-92.1821267
05453100,69,-0.1654132263141986,41.81272566,-92.064792
05454000,87,-0.3996552299217693,41.70001667,-91.4876667
05454220,30,0.2040310955006728,41.71834444,-91.7401722
05454300,72,0.08153931830590881,41.67668056,-91.5987778
05454500,62,-0.10736995560817468,41.6566833,-91.541
05455000,59,-0.28309150217558954,41.6639057,-91.5135014
05455100,74,0.2269879210822135,41.60640556,-91.6157222
05455200,30,-0.45680096204475146,41.6463901,-92.3965736
05455500,86,-0.007202128104317305,41.4697387,-91.7146129
05457000,85,-0.5539513984471811,43.63757,-92.974797
05457700,70,-1.0015045933358893,43.06219444,-92.6738833
05458000,70,-0.2844411343762461,43.03327778,-92.5035444
05458300,23,-0.24616364079298594,42.7372222,-92.4700917
05458500,104,-0.4346919722328964,42.64831667,-92.4651861
05458560,24,0.68820056209502,42.93635629,-93.2027021
05458900,80,-0.5875006471816959,42.62942778,-92.5435222
05459000,41,-0.555158596823428,43.4141246,-93.22075939
05459500,92,-0.4325313339888008,43.165,-93.1925
05460500,23,0.21386165532918983,42.96524895,-92.8710277
05462000,71,-0.22710482108859492,42.711925,-92.5829667
05463000,78,-0.7310659657509642,42.572,-92.6182778
05463500,66,-0.2050716321577552,42.40776389,-92.4632472
05464000,86,-0.5402115649969893,42.49554444,-92.3343472
05464220,26,-0.13511291237548612,42.25152778,-92.2988889
05464500,123,-0.40509218215695814,41.97194549,-91.667123900000007
05464942,20,-0.07201923646218834,41.6695833,-91.3506389
05470000,100,-0.5675296404899168,42.0665833,-93.62025
05470500,69,0.14776060577039113,42.02255556,-93.6305
05471000,62,-0.5812971505294638,42.0082222,-93.5959722
05471050,39,-0.6197707587714785,41.68180556,-93.2468333
05471200,57,-0.0730338770179722,41.8057222,-93.3086944
05471500,80,-0.879367284878641,41.35570278,-92.6573556
05472500,80,-0.3349537253624601,41.30084444,-92.2046222
05473000,38,-0.4373918490347186,41.16055556,-91.7179444
05473300,23,0.2806083261951262,41.00946258,-92.1185105
05473400,47,-0.13460363331335293,40.92530278,-91.6742167
05473450,28,0.2939705318956544,41.0069727,-91.5515497
05473500,24,-0.23746100248537436,41.0158606,-91.5804395
05474000,111,-0.9153157379822301,40.75365,-91.2770889
05476000,99,-0.5492741016647793,43.6207587,-94.9850199
05476500,43,0.026714311700356853,43.39925,-94.846
05476750,85,-0.7100790436457939,42.71944444,-94.2202778
05478000,23,0.06518732234335445,43.2110738,-94.1779615
05479000,85,-0.3479697811144972,42.7236111,-94.19325
05480000,42,-0.6359647123908853,42.5452503,-94.346635
05480500,94,-0.2923739619477578,42.5083333,-94.2033333
05481000,86,-0.2571180002404363,42.4319722,-93.8059444
05481300,57,-0.7370312741619797,42.25225,-93.9974667
05481500,63,-0.32054313836287635,42.07720356,-93.9352292
05481650,23,-0.2655035784480839,41.6803333,-93.6676111
05481950,65,-0.34889781039379464,41.6883333,-93.7347222
05482000,55,-0.7408127420297432,41.61194444,-93.6197222
05482170,32,-0.8613216344882891,42.68886469,-94.798317
05482300,67,-1.1847984429941838,42.35455556,-94.9910278
05482500,85,-1.1089420341420133,41.9878611,-94.3770833
05483000,40,-0.5748267923417792,42.10748116,-94.3702461
05483450,47,-0.18411862777082805,41.7790833,-94.493
05484000,85,-0.4167358974062524,41.59041667,-94.1511667
05484500,110,-0.37925501962427344,41.53402778,-93.9497778
05484650,31,-0.6777621360574697,41.56166667,-93.7033333
05484800,53,0.2244883306541727,41.5874722,-93.7033056
05484900,35,-0.619449120586696,41.5815,-93.6426667
05485500,40,-0.7430036513185222,41.5785833,-93.6056111
05485605,21,0.4967968880202914,41.7173333,-93.5696111
05485640,52,-0.23923229171062185,41.61380556,-93.5455278
05486000,85,0.042799865316947766,41.458111100000004,-93.6549722
05486490,85,-1.0093003694817524,41.4243611,-93.5873056
05487470,86,-0.45903848663899693,41.33788889,-93.4864167
05487800,38,-1.2299165518129027,41.02333249,-93.4657684
05487980,63,0.10973751405372942,41.24644444,-93.2901389
05488200,40,0.24938140099161596,41.30038889,-93.0449167
05488500,58,-0.47922885281140887,41.2813611,-92.8608222
05489000,78,0.3496809493635485,41.2191111,-92.9088333
05489500,62,-0.4506872745384236,41.0108472,-92.4112917
05490500,69,0.07169830691300161,40.72780556,-91.9596139
05491000,24,0.8810245554743763,40.44670985,-91.4848781
05494300,44,-1.567543618266696,40.7694656,-92.4187964
05496000,99,-0.19502022363290186,40.1421111,-91.5656944
05497000,84,-1.3802221236685461,40.10816667,-91.7145833
05497500,55,-0.6584801637612625,40.3324083,-92.2149583
05498000,60,-0.17955572069731532,40.09355556,-91.7355
05500000,91,-0.30826329274260683,39.8974722,-91.5802778
05500500,46,-0.27669066652886376,39.87476204,-92.0240623
05502300,51,-0.3060725403373643,39.82988889,-92.2304444
05502500,81,-0.5112141074725229,39.74127778,-92.0410278
05503000,25,0.07635531641386761,39.7583735,-91.919057
05506000,50,-0.6334565444981921,39.3135861,-91.9470028
05506350,25,0.48497944878748567,39.5241111,-92.12775
05506500,59,0.48620710438781317,39.48351667,-92.0136583
05506800,57,0.20922548277133743,39.4348333,-92.1677778
05507000,27,-0.4526474787999487,39.4433222,-92.0019972
06065500,21,-0.2885675990149945,46.76619167,-111.8887944
06073000,30,0.5043124079250116,47.2940472,-112.4487889
06073500,56,0.49536395330502336,47.199025,-112.0959056
06076690,34,0.34572458270041745,46.7958,-111.1785556
06077500,40,0.7784609606479285,47.18929167,-111.3862389
06081500,20,0.038866110157213335,47.54550556,-112.4736833
06084500,23,-0.27776665489030217,47.4854,-112.387486
06085800,42,-0.2743096391850789,47.50162778,-111.9319139
06088300,32,0.9394942842752948,47.6250222,-111.6354056
06088500,81,1.3715932727346951,47.56126667,-111.5417694
06089000,91,-0.2499681566479117,47.52577778,-111.511036
06090300,21,-0.16469234556931148,47.5844444,-111.0605806
06090500,42,0.673668533921907,47.2085944,-110.9317472
06090650,25,0.3261925562811964,47.70790556,-111.40915
06090800,61,0.4690698993654831,47.8169111,-110.6661417
06098000,25,0.8123255498539963,48.23500556,-112.3982167
06102000,36,0.6650650232202713,48.2631833,-110.7142222
06102500,35,1.9368926880220076,47.8830833,-112.6119833
06108000,70,0.5797704420333284,47.930325,-111.5529417
06108800,26,0.5216000913956023,47.9327194,-110.5144333
06110000,56,-0.2381826027573821,46.8924111,-110.2314528
06111500,26,1.009981930809189,47.0064611,-109.3493222
06114700,24,0.21173000701430456,47.6651583,-109.6520139
06115200,24,0.18914329323923917,47.63143056,-108.6877444
06115300,57,-0.8482397956333696,47.7547111,-108.7067611
06115500,39,-0.331584442278437,46.6097861,-110.5766222
06118500,43,0.6882703240556651,46.45324167,-110.3822889
06120500,116,-0.27300154332610077,46.4288,-109.8411944
06122000,23,-0.3684590311119384,46.3961972,-109.7421444
06123030,27,0.4023989225740976,46.31899167,-109.4605472
06129000,22,-0.3894466197090672,47.01252778,-108.1553417
06129500,37,-1.6449387118845413,46.99363889,-108.3564444
06130500,93,-0.5101788808958895,46.99469167,-107.8891639
06130950,20,-0.6455060679506175,47.33944167,-106.3636222
06131000,69,-0.5456967049018149,47.3494472,-106.3578167
06131200,36,-1.0527631657052097,47.5365944,-106.1534528
06132000,65,0.6683733490218373,48.044425,-106.3562583
06137400,24,0.07315893880665388,48.1724444,-109.8260111
06137570,25,0.4954692295539938,48.2988333,-109.8354167
06154400,58,-0.07243017213441036,48.2237333,-108.7140528
06164623,41,-0.6174162537893737,47.99523889,-108.3200528
06172310,42,-0.4238203664993066,48.30790556,-106.8223167
06175000,29,-1.5169019935802597,48.13586667,-106.3422889
06176500,37,-0.42612577654459366,48.09715556,-105.6802056
06177000,25,0.6118824167364653,48.067325,-105.5330972
06177400,23,0.13295499626436358,47.3498083,-105.5860278
06177500,88,-0.41284642852918924,47.4139722,-105.5756444
06177700,49,-0.3924716908389172,47.7076833,-105.4917528
06181000,74,-0.04315295167228479,48.11791667,-105.1928167
06185110,23,-0.21816168770678257,48.16448056,-104.6295194
06185500,23,0.6127254737405998,48.1235,-104.4733
06193000,22,0.20690508920641926,46.15260556,-110.5868194
06193500,41,-0.11701735538716776,45.8857333,-110.6179583
06194000,27,0.6287033749545857,45.8666194,-110.6702306
06195600,46,0.36939191124605414,45.7383611,-110.4794694
06197500,35,0.7223226068516296,45.5545333,-110.2005417
06200000,77,0.1499390801150118,45.8337944,-109.9387056
06200500,46,0.5831504006393814,46.15538056,-110.08705
06201000,30,0.3452343976204668,46.0614333,-109.8452417
06204500,36,0.2831356639013337,45.48659167,-109.4561306
06205000,94,0.10177205038784369,45.53674167,-109.4220556
06208500,85,0.5295001906924632,45.46571389,-108.8441056
06211000,87,-0.08459892930122817,45.43785,-109.2533111
06211500,87,0.45763936086347395,45.4221472,-109.2305306
06214500,99,-0.17614905575068515,45.8001194,-108.4680306
06216000,47,1.009474676911262,45.43467778,-108.5336528
06216500,49,0.8147711978585775,45.7148944,-108.3142833
06216900,25,1.0390282056650748,45.8196944,-108.2903333
06217700,58,0.2683090452529354,46.0734694,-108.5039972
06287000,32,-0.21001316009744922,45.31690278,-107.9188889
06287500,22,0.7716082695249614,45.3269083,-107.7698278
06288500,26,-2.0495477777468323,45.72937778,-107.5810389
06289000,86,-0.5937212928658971,45.0071111,-107.6154083
06290000,49,0.5383131948678609,45.05626389,-107.3559
06290500,65,0.482487533136628,45.1771333,-107.39455
06291000,20,0.9827151203656709,45.26796667,-107.3013833
06291500,65,-0.11789061799798004,45.12648056,-107.5998917
06293500,39,-0.15299735249122368,45.5673944,-107.4533944
06294000,72,0.6445322363467353,45.7356861,-107.5574694
06294600,46,-0.40918851992082034,45.79770556,-107.2616722
06294700,21,-0.3066051570942407,46.14708056,-107.4673472
06295000,50,0.2731186962544357,46.2666361,-106.6913028
06295100,35,-1.0897579396486163,45.24571667,-106.9679056
06295113,42,-0.8884243706855346,45.36116667,-106.9903556
06295250,33,0.39557774855452765,45.76715,-106.5698583
06296003,34,0.7157963593724067,46.26463056,-106.4752306
06296100,51,-0.2635278412521617,46.2912222,-106.1442222
06299500,61,-0.5558130458045926,44.77242459,-107.2343027
06305500,22,0.08723022931864695,44.82150278,-106.9616083
06306300,57,-0.7296879159348942,45.0091361,-106.8359444
06306950,32,-0.5045843086924741,45.1876861,-106.9155139
06307600,35,-0.48882399277618394,45.29906389,-106.5081667
06307740,34,-0.016365097206974048,45.58838889,-106.2550556
06308400,27,-0.6117325269177937,46.22835556,-105.6906083
06309000,39,-0.6533173817502553,46.4207722,-105.8600333
06313000,28,0.23762443897685104,43.61941675,-106.577264
06313700,32,-2.2199644836287153,44.21497995,-106.111968
06314500,24,0.30189139689699934,44.19381854,-106.7803922
06315500,31,0.44810227383022333,44.0579857,-106.8026136
06318500,67,0.17442643813109243,44.33275055,-106.7772735
06323000,40,-0.2793279403005479,44.5354835,-106.8223419
06323500,41,-0.6397317646395265,44.56187395,-106.5395551
06324000,29,0.19815646900338377,44.8715977,-106.0828769
06324500,89,0.267048351410154,45.0571972,-105.8783778
06325500,25,-0.23817284482565804,45.3898444,-105.3053528
06326500,87,-0.158513088683914,46.4294361,-105.3103306
06326600,31,-0.5494409852369372,46.4205694,-104.7610222
06327450,34,-1.0050460223690376,47.09420556,-104.7132667
06327500,33,-0.4588497649841668,47.10588889,-104.7184306
06329200,21,-0.4121877821542314,47.37225556,-104.4300028
06329500,112,-0.1391697172413367,47.67741389,-104.1554111
06329597,24,-0.3946431142648127,47.85085328,-103.7940907
06331000,30,-0.4273134318533532,48.2844683,-103.5729718
06332515,57,-1.202386392067089,47.78717057,-102.7686286
06332523,30,-0.7876894001567367,47.94862396,-102.214893
06332770,30,-0.2530203885324543,47.73778499,-102.1076687
06333850,23,-0.694396592694376,45.0645944,-104.5337222
06334000,53,-0.7760377981012245,45.07613889,-104.4096
06334100,48,-0.8438083661188498,45.1642972,-104.7562111
06334500,69,-1.061641245293557,45.5481343,-103.9712386
06334610,28,-0.8878757136434716,45.3870944,-104.4776861
06335000,41,-0.4839044040807403,46.2747278,-103.9763192
06335500,86,-1.0155751217504418,46.29777778,-103.9175
06336000,74,-0.5705713459023829,46.9180722,-103.5303444
06336500,40,-0.4005150887296668,46.9899222,-104.1837667
06336600,47,-0.8612995361666651,47.16307028,-103.9927057
06337000,90,-0.7366292911667727,47.59140556,-103.2526667
06338490,40,0.2817539526847441,47.5022218,-101.4309953
06339100,57,-1.5185972642544372,47.2361259,-102.7699074
06339490,28,-0.35876885939252207,47.10695265,-102.0518349
06339500,102,-0.6269399929066455,47.1543948,-102.0599856
06340200,30,-1.287093768862658,47.1347266,-101.6601589
06340500,91,-0.48999705673822225,47.2852816,-101.6221093
06341400,20,0.4484191774986785,47.4583301,-100.9212544
06341800,45,-0.5183544489338204,47.2741944,-100.7896389
06342100,22,-0.19049876436157,47.111106,-101.2518153
06342450,56,-1.0030075656592745,46.91495565,-100.813828
06343000,73,-0.7755715572180135,46.86556675,-102.9485116
06344600,61,-1.2553328247840143,47.0277231,-103.0533527
06345000,31,-0.4883703123450674,46.8944521,-102.6240699
06345500,43,-0.34003943978815204,46.74555556,-102.3083333
06347000,54,-0.18839218013641448,46.5452839,-101.6454228
06347500,62,-0.3362206610932142,46.69444606,-101.4673665
06349000,39,-0.6401254360814245,46.8338827,-100.9745789
06349500,79,-0.7381043137728088,46.79443787,-100.6573459
06349600,23,-1.1329567779595098,46.80717809,-100.734102
06350000,75,-0.8884950156793769,46.42667116,-102.5518303
06351000,39,-0.7928139816209373,46.3583383,-102.0420978
06351200,24,-0.11323340609601516,46.12689745,-101.3332835
06351680,31,-0.9194777900399426,46.3222309,-102.996276
06352000,75,-0.43573109895137,46.15528136,-102.4757133
06352500,34,-0.1387539121678345,46.0319492,-101.8323613
06353000,65,-0.3461950334619739,46.09166988,-101.333742
06353500,23,-1.8668390106998363,46.3230548,-101.0042996
06354000,109,-0.3652698571822405,46.3761111,-100.9344444
06354500,40,-0.3600456881409034,46.25749005,-100.2331695
06354580,35,-0.030166413927095945,46.2685687,-100.2526914
06354860,30,-1.251062165627626,45.81443669,-100.1081745
06354882,32,-1.579390560029248,45.7119422,-100.5593015
06355000,31,-0.7977191904762144,45.96083639,-103.119617
06355500,23,-0.36269247292973045,45.80222,-102.3623795
06356000,39,-0.6539774535257447,45.5761079,-103.5443583
06356500,75,0.1598524649801061,45.6486883,-102.6433259
06358000,25,0.11107042827810447,45.6611078,-100.639303
06358500,25,-0.07204584517898868,45.52360529,-100.4737485
06359000,25,-0.0356009216014228,45.143597,-102.558772
06359500,81,-0.22487337406556368,45.19775826,-102.1565472
06360500,70,-0.5975326378756588,45.2558171,-100.8429214
06361000,30,-0.24031258088100954,45.3431222,-100.6133889
06400875,40,-0.7551396067937479,43.18803166,-103.2265866
06406000,75,-0.04632244270547141,43.82804586,-103.1960211
06425720,24,0.3507493005771888,43.98438297,-105.3883998
06436190,42,-0.12054819296586097,44.54175655,-103.5719867
06436198,41,-0.05446045886226246,44.617485,-103.4807452
06436700,20,-0.3395624488188547,44.8141527,-103.68992
06437500,59,-0.9926717261817427,44.4808495,-103.2759863
06439000,65,-0.8319072015114529,44.74304495,-102.0534948
06440000,21,-0.23197583608897607,44.3730377,-100.3679114
06440200,36,0.3806873236645112,43.9690175,-101.767229
06441000,77,-0.5698974979265459,44.0672095,-101.1608623
06441110,33,-1.360549900833967,44.21053769,-100.7265279
06441500,97,-0.3979319164782099,44.32664897,-100.3843003
06442000,44,-0.16635761815233394,44.5627602,-99.9142868
06442500,66,-1.0002209226197878,43.9052407,-99.8761727
06442718,37,-1.6330606445147176,44.077407,-99.3814387
06444000,62,0.2329884687720938,42.68666667,-103.4177778
06445685,37,-0.23556341193775923,43.013036,-102.8357327
06445980,52,0.47533309694605685,43.14651127,-102.6833116
06446000,81,-0.30974138132827317,43.25484357,-102.8273511
06446100,32,-0.3131064639847942,43.14351647,-102.3583815
06446500,38,-0.5867305427311891,43.69388346,-101.9326516
06446700,31,0.5453091164242079,43.53666558,-101.7985923
06447000,83,-0.2746164145452218,43.7524949,-101.5248665
06447230,32,-0.5147904975179333,43.75527266,-101.2279205
06447450,23,-0.08961230704341716,43.71304839,-100.6850534
06447500,66,0.5009498049647891,43.1669155,-101.6327322
06448000,41,-1.094622427056427,43.08711217,-101.60387
06452000,95,0.11834873371022686,43.74832745,-99.5564948
06452320,35,0.2643738543458149,43.3272192,-98.9706446
06453000,25,1.5474273800417075,43.0649947,-98.5534157
06453255,42,-0.8147450463716975,42.9235524,-98.1063243
06453500,46,-0.7274722601716126,42.94305556,-98.8405556
06453600,67,-0.49461749001706284,42.8108611,-98.1753972
06459200,20,0.6239402532239523,42.6036111,-101.0711111
06462500,43,0.5490253413231367,42.7535822,-99.86404
06463500,75,0.5393623796578894,42.6896361,-99.6794472
06464100,43,0.07220745346300524,43.12917164,-100.1070671
06464500,79,0.045307051254817175,43.0270872,-99.780921
06464900,37,-0.25719982698105026,42.9161111,-99.0969444
06465000,41,0.45145764486526513,42.81194425,-98.6517525
06465500,28,2.5022945854558576,42.7397222,-98.2227778
06466400,20,0.16325796001942436,42.61573056,-97.8780722
06466500,67,0.018572165706644356,42.7322222,-97.9225
06467500,22,0.2261818377779349,42.86608985,-97.3939586
06467600,41,-1.433165991324447,47.64605556,-99.8295278
06468170,56,-0.9586625142688819,47.5580525,-98.862885
06468250,39,-0.728361898664587,47.3997189,-98.7976057
06469400,51,-1.2661934445957843,47.1674635,-98.9690423
06469500,29,-0.679047279057186,47.0663814,-98.918998
06470000,21,0.08222267010397416,46.8897222,-98.6816667
06470800,49,-0.642300885163663,46.22524359,-98.0717809
06471200,64,-0.37125719626536124,45.93886156,-98.4526004
06472000,49,-0.41263966683043485,45.24163936,-98.3914819
06473000,78,-0.2554974022754189,44.99830768,-98.480927
06473500,22,0.16312236211256462,45.05108586,-98.737601
06473700,24,-0.07078476933694923,44.95914178,-98.5156502
06474000,57,-0.44738043782402026,44.7349779,-98.5862077
06474300,27,-0.27449282398734126,44.7644217,-98.7039874
06475000,75,-0.3090369312978928,44.91053097,-98.4720386
06476000,85,-0.10036891114015889,44.36359475,-98.199257
06476500,48,-1.0812313297696539,44.15415518,-98.4353686
06477000,74,-0.12352276164566636,43.9738721,-98.070916
06477150,48,-0.42487747685611527,43.7583153,-97.909242
06477500,68,-0.8937169103456233,43.77640219,-98.2456658
06478000,37,0.3353857899263785,43.65887165,-97.9192403
06478052,47,-1.3150798240927613,43.6423171,-97.9863526
06478390,49,-0.49957857906446945,43.37130056,-97.6040191
06478500,95,-0.155984245408766,43.1858255,-97.635622
06478513,38,0.1154572288907136,42.9958297,-97.3697806
06478540,48,-0.5792241386742908,43.79464436,-97.3690086
06478690,62,-0.6749986953349131,43.41562216,-97.2051972
06479159,24,-0.5710314882528192,45.3469048,-97.2520284
06479215,41,-0.2640790632764991,45.18079549,-97.1861904
06479438,51,-0.5065514962514767,45.0060753,-97.1650756
06479515,41,-0.922541033032939,44.9188536,-97.0456271
06479640,51,-0.2713930570652839,44.63052099,-96.8908954
06479770,23,-0.08687313337656881,44.4675224,-96.8874204
06479980,44,-0.4789728535726,44.22388586,-96.7673024
06480000,70,-0.20625441463386138,44.1802473,-96.749496
06480400,27,0.4019897461235737,44.1216644,-96.5891297
06480650,43,0.054095722172579234,44.06269306,-96.485626
06481000,76,-0.2807406201617686,43.79044595,-96.7456623
06481480,26,0.08813226087892581,43.8481959,-96.8368313
06481500,73,-0.33819161106404194,43.53358676,-96.7908849
06482610,54,0.049505070760504484,43.61636276,-96.5653227
06482848,42,-1.0754232739492373,43.28664838,-96.5964308
06483000,54,0.4232015415215919,43.653921,-96.20138
06483290,26,0.18372855631068666,43.42313889,-96.1649167
06483460,33,0.6527799973503656,43.3352496,-95.7622382
06483500,77,-0.19305519949546668,43.2150833,-96.2950278
06484000,21,-0.4966323230175672,42.9963771,-96.4714192
06485500,96,-0.027503546386879907,42.8375091,-96.5619306
06486000,20,0.19796406734581318,42.48619444,-96.4130833
06599950,61,0.045748431611314595,42.6197153,-96.3725279
06600000,60,-0.4382562177854651,42.5352222,-96.4104444
06600100,70,0.15355953878064174,42.98280556,-96.0003333
06600300,68,-0.2976193594427109,42.92387695,-96.1769661
06600500,90,0.08971617148542876,42.57638889,-96.3115556
06600900,50,-1.2652315131606773,42.14805556,-96.4833333
06601000,80,-0.3486924331674643,42.32166667,-96.4877778
06602020,80,-1.026319498745665,42.22705556,-96.0778333
06602400,67,-1.1123219050011384,41.96491667,-95.99175
06605000,49,-0.034096342181202124,43.12766667,-95.2104444
06605850,56,0.08297173656601545,42.89630556,-95.243
06606600,99,-0.2431056166890565,42.4822222,-95.7925278
06606700,30,-1.0656535267998897,42.0810999,-96.0141788
06607200,83,-0.8586870123240122,42.15677778,-95.8102778
06607500,85,-0.5595717494571754,41.96502778,-95.97225
06608000,40,-1.2075718784601737,41.7761111,-96.22
06608500,85,-0.6540706261181034,41.8305833,-95.93225
06609000,25,-1.4991720754802087,41.66444444,-96.2066667
06609500,95,-1.0315510365602836,41.64169444,-95.7823333
06610000,24,0.32140725541791115,41.25905556,-95.92325
06610500,23,-0.2943794170947723,41.29221969,-95.8333445
06610600,44,0.26378221354031356,41.4433261,-95.6119503
06610720,20,-1.2663961922409184,41.37888889,-96.1825
06650500,45,-0.508276934308598,42.65968997,-105.3699844
06655000,24,0.23459472930052028,42.32578535,-104.8764224
06656000,37,0.32530250771959857,42.28050857,-104.7547514
06657000,22,-0.26791102922362214,42.2410095,-104.6280247
06681500,58,-0.06327509506519344,41.82194444,-103.6183333
06708800,25,-0.10944988410196736,39.423,-104.9046111
06709000,39,0.16782216814108414,39.43832246,-104.9830387
06709500,43,1.2680435465543498,39.48443309,-105.0024836
06709530,41,-0.3986744348345293,39.50736944,-105.0244667
06712000,85,-0.05285387361700232,39.3558234,-104.7633092
06712500,31,-0.3939221170196083,39.6049883,-104.8224759
06713500,20,1.4632019057366392,39.74248685,-104.9999817
06719560,26,-1.2386773077086883,39.74040278,-105.1488333
06764000,41,0.3496504859114985,40.97499276,-102.2518517
06767500,36,-0.7612133427659589,40.64138889,-99.7105556
06768020,29,0.4352164631800057,40.70723067,-99.5598289
06769525,29,-0.15975838597608416,40.7288988,-99.3989885
06771000,35,0.5554635383686681,40.7989,-99.1970367
06771500,28,-0.4730257671557093,40.7711111,-98.7977778
06772000,41,-0.8669231114029446,40.8522222,-98.4744444
06772775,26,-0.6409012614029654,41.0908333,-98.0777778
06772898,27,-0.896222874811805,41.2972222,-97.7138889
06773500,30,-1.0147499540287412,41.328903,-97.6753296
06774000,27,-0.8562132290166571,41.3683333,-97.4952778
06775500,79,2.106651585302987,41.83091667,-100.0995278
06775900,58,2.8068710393541774,41.7786111,-100.5252778
06776500,51,1.2762479317451325,41.8225,-100.1002778
06782500,26,0.44978731553441914,41.0118611,-98.9141944
06783500,48,0.7052463392029666,41.03805556,-98.9927778
06784000,81,0.6035007874475994,41.0325,-98.7405556
06784800,21,-0.48988189366970253,41.15694444,-98.5572222
06785500,21,0.6868074737373497,41.94166667,-99.8602778
06787000,20,0.9545353888731546,41.947,-99.3860278
06787500,35,1.2485521025659172,41.81027778,-99.1830556
06791500,46,0.8119301161381,41.71138889,-98.4469444
06792000,56,0.5700131286300636,41.39444444,-98.0038889
06793500,23,0.12401829020234341,41.7633333,-98.0865278
06794000,84,0.5608522885234696,41.4414021,-97.7347745
06794500,27,-0.20531196454557374,41.41666667,-97.3566667
06794650,28,-0.26684463500302985,41.35194444,-97.4033333
06795500,76,0.040995057255134894,41.52596389,-97.2815972
06797500,77,-0.044080601569331114,42.26844444,-98.3393611
06798000,36,0.19334740919043084,42.24138889,-98.3983333
06798500,61,0.20290032511534248,42.125,-98.0311111
06799000,92,0.1314991546345788,42.00377778,-97.4260278
06799100,64,0.38186215070849466,42.1485,-97.4785278
06799315,23,1.4091184328396569,41.99527778,-97.0580556
06799350,63,0.0659609834638303,41.8394441,-96.7275324
06799445,22,-0.2480340761900959,42.2769448,-96.8619862
06799450,28,-0.6936987102497382,42.11388889,-96.7016667
06799500,84,-0.6930192912411903,41.71277778,-96.5219444
06800000,74,0.040128607402885784,41.56116667,-96.5408333
06800500,106,0.125688454646933,41.2933333,-96.2838889
06803510,55,-0.06605374099797612,40.89305556,-96.6816667
06803520,54,-0.701061832462763,40.85716667,-96.5951278
06803530,54,-0.43362973059492993,41.0158333,-96.5441667
06804000,74,0.15860240905509954,41.1475,-96.5377778
06804500,29,-0.2957200054482734,41.1622222,-96.5275
06804700,33,-1.2663743314830096,41.0536111,-96.3677778
06805000,21,-0.8457045680396271,41.05166667,-96.3386111
06806000,24,-0.40877082819411203,40.8847224,-95.7461135
06806500,74,-0.3480196969040915,40.79416667,-95.9113889
06807000,23,0.4561564770847607,40.68180556,-95.8470833
06807410,65,-1.010574051499837,41.3901111,-95.3720556
06808500,76,-0.9329951646517729,40.87327778,-95.5814444
06809000,22,-0.13444453920698643,41.6735977,-94.8058156
06809210,65,-0.7337794431392807,41.346,-95.0768611
06809500,98,-0.9816027609266461,41.00902778,-95.2413611
06810000,98,-1.1367683186079067,40.60119444,-95.6445
06810500,20,0.27055091755180183,40.6325,-96.1794444
06811500,74,-0.6601394196795476,40.39277778,-95.8127778
06811840,38,-1.099210849661947,40.97999135,-95.1149871
06813000,87,-1.4848125212481478,40.33941667,-95.4068333
06814000,76,-0.5323408627248107,39.9477773,-96.1086149
06814500,62,-0.6073416619162436,40.15694485,-95.9447206
06815000,81,-1.1196674254035495,40.0355577,-95.5960957
06815500,21,0.04324703320765837,40.14555556,-95.7202778
06816000,27,-0.16353437878594687,39.98186944,-95.1266139
06817000,97,-0.8866724921345145,40.7432222,-95.0145278
06817500,82,-0.7414611043425829,40.44491667,-95.0903056
06817700,42,-0.5755228672787593,40.20252778,-95.0695833
06818750,52,-1.094689685199541,40.7691566,-94.4052368
06818900,38,-1.1410499348685268,40.34499049,-94.6863546
06819185,41,-2.1042515122195202,40.6609722,-94.7163056
06819190,24,-0.4994123315884871,40.6335988,-94.7485808
06819500,83,-1.0840929409060451,40.3455,-94.8323611
06820000,31,0.24155485125339016,40.389225,-94.9097556
06820500,99,-0.963901261949992,39.68802778,-94.7026111
06821000,27,-0.5403864653749023,39.62471927,-94.6005116
06821080,24,-1.3816291276188295,39.56777778,-94.407
06821190,46,-0.4885292833560892,39.4009722,-94.7268333
06823500,84,1.0865450762922269,40.03944444,-101.8666667
06825000,32,-0.7002682150885049,39.61638215,-102.2426918
06825500,26,-1.373036176458905,39.575549,-102.2521363
06827500,20,-0.11742991718525274,40.01027778,-101.5419444
06835000,45,0.3607074342843743,40.37305556,-101.1169444
06836000,42,-0.07136407683913354,40.2361111,-100.8111111
06836500,79,-0.32841226195823175,40.14583655,-100.6732083
06837300,34,0.3124411855879594,40.40139476,-100.7837665
06838000,22,0.8814478666306684,40.2347222,-100.5008333
06839000,26,0.80402813624437,40.65666667,-100.6119444
06839500,27,-0.07625225822573213,40.63084187,-100.6301477
06840000,34,-0.6688518140112499,40.6347222,-100.4902778
06840500,20,0.592305345212581,40.6425,-100.445
06841000,45,0.19799576609372288,40.50055556,-100.3227778
06841500,25,-0.3015321650590598,40.47194444,-100.2575
06844000,38,0.05324680977329038,40.3058333,-99.9116667
06844800,30,-0.09918795661182458,39.32055648,-101.6329476
06844900,50,-1.1632380577718355,39.67694848,-100.722093
06845000,45,-0.4117761812446214,39.8130606,-100.5343122
06845110,29,0.08080296800709968,40.0016,-99.9924889
06845200,36,-0.09089420297694253,40.04583999,-99.8904005
06846000,54,-1.945087381915381,39.848057849999996,-100.9615446
06846500,77,-1.469479702858865,39.98500557,-100.560148
06847000,68,-0.16311196766095065,40.1200068,-99.8934566
06847500,79,0.4468497589079271,40.1183333,-99.5169444
06847900,63,-0.17279947458449751,39.769727,-100.1006875
06848000,20,0.6471839220340099,39.81000548,-99.9220683
06848500,25,0.5768485132892865,39.978775,-99.4781028
06850000,43,-0.8528905647255741,40.07612326,-99.1384218
06850200,26,-0.5570655310263827,40.0855681,-99.0659187
06850500,21,1.974105041867161,40.06638889,-99.0363889
06851000,38,-1.3633522365465813,40.1033333,-98.9802778
06851500,39,-1.0867712125392022,40.0891807,-98.7609064
06852000,40,0.47936867182086906,40.08888889,-98.435
06853100,40,-0.21173535533223,40.26306828,-98.3756098
06853500,33,0.9956248974220381,39.9936611,-97.9318583
06853800,67,-0.5882961306569157,39.89918,-98.2503276
06854500,35,0.3860360365164615,39.79873,-97.7931266
06855800,31,1.097124455196176,39.6145692,-97.8568182
06856600,36,0.6831190351958282,39.3555515,-97.1275203
06858500,33,-0.5342662329656256,39.01787498,-101.3479109
06859500,32,0.17232319590406014,38.7889022,-100.8698688
06860000,86,-0.8363137088587674,38.7947354,-100.8584796
06860500,39,-0.2710819390676665,38.9535598,-100.4881514
06861000,71,0.10924630933495022,38.80778889,-100.0222667
06863500,78,-0.06960818536703388,38.852234,-99.3181589
06863900,25,-0.20161582854502758,38.8866783,-99.2062101
06864500,43,-0.482702153689355,38.72667589,-98.2336684
06866000,21,-0.5736444441200431,38.56380659,-97.6664947
06866900,20,-0.5845554187153476,39.1061861,-99.86955
06867000,74,-0.31938747412918533,38.9658611,-98.8540917
06867500,30,-0.747127620309289,39.05919167,-98.8422917
06868000,36,-0.3218945364931571,38.9333444,-98.5336787
06868400,32,-1.1699467137674893,39.0576803,-98.559707
06869500,45,0.023495063290242337,39.0037861,-97.8733944
06869950,63,-0.7261626037090103,38.8444476,-97.6683699
06870300,52,-0.948098469667585,38.62726389,-97.4275583
06871000,71,-0.38160826893845967,39.67284444,-99.3092389
06871500,74,-0.21293104187063763,39.56028889,-99.2855722
06871800,24,0.3649689827383103,39.6600106,-99.115644
06873000,82,-0.42231931435506864,39.37667456,-99.5801096
06873500,28,0.10439708825947641,39.4543049,-98.9483529
06874500,37,-0.7598001806321435,39.69763936,-98.3396066
06875800,22,0.14445929283020198,39.53834376,-98.3164447
06876000,51,0.389359449309497,39.45450957,-98.1098985
06876200,21,0.3027515718522681,39.34999817,-97.5691998
06876700,65,-0.1983554097238796,39.13912778,-97.83655
06876900,46,1.0501256303198894,38.96899167,-97.4770444
06877500,31,-0.613036715246528,38.8058573,-97.1819647
06878000,72,-0.04651388381000955,39.031109,-97.0402922
06878500,22,-0.33380587800499634,38.8847238,-96.9100115
06879200,32,-0.2128825021161606,39.0077763,-96.7391732
06879500,32,0.7244328085390804,39.10416429,-96.6988946
06879650,44,-0.3585315332707944,39.102075,-96.5946889
06879900,30,-0.9751055133450208,41.10194444,-97.3105556
06880000,41,-0.17831145162931902,40.9161111,-97.1455556
06880500,41,-0.456281468746195,40.90305556,-97.1116667
06880800,67,-0.4065291593522806,40.7311177,-97.1775413
06881000,79,-0.15987201958960684,40.59666667,-96.9605556
06881200,35,0.5802306601774726,40.48000398,-97.0122523
06881380,21,0.02855434232210612,40.3669833,-96.8894694
06881450,39,-1.3882267545740972,40.2852778,-96.7466925
06881500,91,-0.4196641611240631,40.25666667,-96.7469444
06882000,103,-0.67978140419694,40.0447222,-96.5872222
06882510,40,-0.6611414958644388,39.8419463,-96.6622425
06883000,71,0.11473892110505897,40.3325,-98.0669444
06883570,33,0.10082415134568658,40.20694444,-97.3886111
06884000,102,-0.4580731399019881,40.1464722,-97.2007222
06884025,49,0.20599344677826814,39.98027778,-97.0047222
06884200,65,-1.287313972133578,39.81361476,-97.0375267
06884400,66,8.820018189055923e-4,39.72583518,-96.8047432
06884500,34,0.040252345733949126,39.70048729,-96.754525
06885500,72,-0.15342997985447193,39.68194349,-96.4427888
06886000,43,-0.5540908305519675,39.44999784,-96.7169552
06886500,42,-0.9037802082157786,39.47222064,-96.8322357
06887500,39,0.49932180915586644,39.19833014,-96.3055532
06888000,68,-0.6367199092413375,39.34777386,-96.2174979
06888300,38,-0.32198934587237876,39.24916286,-96.3149982
06888500,71,-0.5137886942075647,39.06472106,-96.1691605
06889000,53,-0.0532283839517761,39.0666666,-95.6497028
06889100,23,1.0554442982598324,39.62416264,-95.9661053
06889120,24,1.0202498845085168,39.59475678,-95.973919
06889140,34,-0.008915014482146183,39.5658287,-95.962771
06889160,37,0.8885554208890616,39.46316585,-95.950609
06889200,66,0.5127896874436637,39.23833024,-95.8885992
06889500,95,-0.5379109024410622,39.0994439,-95.7249828
06890100,55,-0.8148934583486014,39.5213873,-95.532756
06890500,51,-0.44045869508780405,39.35083166,-95.4546974
06891000,34,0.1313037510602646,39.05111157,-95.3863633
06891260,22,-1.5128424719496336,38.89194444,-95.5944444
06891500,46,-0.5307868536583273,38.9113923,-95.261084
06892000,95,-0.07068869109526951,39.1163912,-95.0108006
06892360,21,-0.9916368924543433,38.95666667,-94.9736111
06892500,32,-0.24319882209281493,39.06028169,-94.8727418
06893080,55,-0.26452474676171045,38.8125082,-94.6757906
06893150,22,-0.13230728865923924,38.88941667,-94.5806667
06893500,86,-0.34534678366785193,38.957,-94.5588889
06893557,25,-2.040077790355902,39.0330833,-94.6053889
06893578,23,-0.7350450306608693,39.0583384,-94.5118983
06893890,43,0.6283021211855183,39.02556175,-94.3438385
06894000,77,-0.41226612833251125,39.1005609,-94.3005038
06894500,20,-0.06592556577715403,39.33878056,-94.2131833
06895000,44,0.3788000868837759,39.33266389,-93.98
06896000,59,-0.7478219695974003,39.34325,-93.4855361
06896400,26,-0.575544961807939,40.2486111,-94.3602778
06897000,65,-0.8330192173385059,40.2972222,-94.0262222
06897500,104,-0.8137148672584157,39.9269517,-93.9427225
06897950,57,-0.45595586389816056,40.72444235,-93.9382816
06898000,94,0.015883463473186546,40.64027778,-93.8080556
06898400,34,1.0121099457704783,40.6958376,-93.6354975
06898500,38,-0.1823175373069703,40.54889575,-93.6029987
06899000,44,-0.5084405885817844,40.3099083,-93.5949194
06899500,100,-0.6042446109943839,40.06930556,-93.6380278
06899700,35,0.22127590566978977,39.69913889,-93.7958056
06900000,68,-0.894231894909979,40.12974444,-93.3625417
06900050,23,-0.9727500534418733,40.0266111,-93.4362222
06901500,75,-1.1821876100449467,39.89594444,-93.2365278
06902000,101,-1.0678993403404486,39.64002778,-93.2736944
06903400,61,0.1293828068411272,40.9519722,-93.259888900000007
06903700,58,-0.06786372862709936,40.80044444,-93.1926861
06903990,27,-0.10488378711408301,40.75091667,-92.8582222
06904000,22,-0.026085369512413015,40.73890427,-92.8015851
06904500,50,-0.601310171558484,40.2343333,-92.6863889
06905500,42,-0.25609276527538044,39.53994444,-92.79075
06906000,50,0.40949197605815546,39.52352778,-92.9496389
06906150,29,-0.10200083801052931,39.89730556,-92.49325
06907500,26,-0.32179786140178435,38.81895556,-94.0358639
06907700,35,-0.22763263107039153,38.87001315,-93.6221588
06908500,27,-0.7100334576807376,39.1163222,-93.0978083
06910410,20,0.12282793697224806,38.9544851,-92.1493489
06910800,55,-0.053985174986377706,38.56695524,-95.961657
06911000,34,-0.9721574916147676,38.5161111,-95.6961111
06911490,25,-0.796789848775281,38.60139907,-95.6847068
06911500,60,-1.0782104863482904,38.60889886,-95.6383168
06911900,64,0.045879843193931014,38.7091737,-95.8383205
06912500,24,-0.805666029539221,38.6450089,-95.5597037
06913500,58,0.2380655592542693,38.61806669,-95.2683071
06914000,70,-0.06968405786236109,38.333631,-95.2488634
06914500,35,0.511032892440401,38.4439057,-95.084136
06914950,31,-0.8112857702920228,38.75334168,-94.977188
06914990,30,-0.3948021744805989,38.7675084,-94.8794073
06915000,24,0.31943806704847066,38.6563999,-94.8963521
06916000,34,0.2925266766315282,38.2486687,-94.686432
06916500,24,1.0600809714473065,38.23530274,-94.8538516
06917000,76,-0.07418445780324252,38.00892428,-94.7041264
06917060,22,0.17176618505042943,37.99480556,-94.3693056
06917240,24,-1.4397884758336243,37.83559565,-94.981361
06917380,38,0.9004019133969314,37.81754116,-94.7919095
06917500,62,-0.9392395462221211,37.848929,-94.7027392
06917630,23,-0.8689406663942315,37.5353611,-94.5580833
06918060,21,-2.1373501301299527,37.86202778,-94.39925
06918070,23,0.2661008378528249,38.0558611,-94.1454167
06921590,34,0.22220982787088533,38.49158056,-94.3442444
06921600,20,-0.7170395676964283,38.45223976,-94.0043859
06921720,41,-0.3462562412531038,38.55497778,-93.9653528
06921740,20,0.22286588121995993,38.5283485,-94.010497
06922000,55,-0.2149897627778331,38.2636354,-93.7146555
07096000,29,0.8808079679817404,38.43388674,-105.2572128
07096500,32,0.19261164512383142,38.43638726,-105.1913777
07099230,35,-0.39776638478157894,38.46499989,-104.8272009
07103703,33,0.2134224899821836,38.87693609,-104.8727543
07103960,20,0.05629266737325426,38.9761111,-104.7986111
07103980,33,-0.04981921320028826,38.93943809,-104.7410863
07104500,26,-1.0757804235396349,38.88804838,-104.8174758
07105600,22,0.3026259726993129,38.78832768,-104.773862
07105800,58,-1.552627344692942,38.7294404,-104.7338611
07105900,50,0.6293831520908675,38.6844413,-104.688583
07106000,57,0.14456096917516725,38.6016647,-104.6702503
07107500,27,0.2633509787272491,38.0516733,-104.7935935
07116000,28,-0.5781903023484078,38.0013961,-104.4724732
07116500,49,-0.6969604819351353,38.2250024,-104.2607996
07119500,89,-0.5516193016455468,38.1085,-103.9676111
07120620,26,-0.6878209830458477,37.5548333,-104.0212222
07121500,62,0.14426983673084523,38.0030644,-103.6560588
07122400,27,0.5302577939440943,37.9822313,-103.5982788
07124500,70,-0.22360955901113658,37.1708521,-104.509152
07126000,24,-0.21398535293112364,37.188352,-104.1327505
07126200,38,-0.9985817683983111,37.34557255,-103.9580186
07126300,60,-0.053640701511254815,37.3564059,-103.9002383
07126325,36,-0.5223832779537042,37.42418269,-103.9202382
07126390,28,-1.2404310352403687,37.49279316,-103.8280114
07126415,34,-0.5783246881330606,37.51529314,-103.7255071
07126480,31,-0.667838894328587,37.58918109,-103.6482815
07126500,69,0.4500331901446748,37.7147351,-103.5110538
07128500,86,0.606752631629826,38.0342222,-103.2014167
07134100,43,-1.5496499560918975,38.11417565,-102.4838023
07138000,28,-0.6083266333322866,37.96613038,-101.7568467
07139700,53,-1.4460748339535623,37.71446498,-100.0151344
07139800,20,-1.2876608417168114,37.59775994,-100.0153544
07140300,32,0.15277040889395868,37.92194444,-99.6430556
07140850,41,-1.357043140348734,38.2066829,-99.6434539
07141200,84,-0.5851973727867693,38.20758889,-99.405775
07141600,24,-0.4685595868083118,38.4502934,-99.8809574
07141780,54,-0.9247326175328413,38.47721389,-99.4375472
07141800,31,-1.9016111025944915,38.4044578,-99.3076064
07141900,65,-0.6543016002955873,38.46170278,-99.0144361
07142300,65,-1.144868064473111,37.8715361,-98.8758056
07142575,52,0.7322091928908634,38.09363056,-98.5461389
07142800,20,-0.919720647733091,38.03775865,-97.9342523
07142860,22,-1.2070094750681266,38.52169169,-98.5836252
07142900,33,-0.8350324430724397,38.5357786,-98.8605317
07143300,80,0.2669559307050106,38.30951667,-98.192575
07143600,26,1.1571399073185553,38.4132901,-98.0173439
07143665,43,-0.24996762545858742,38.1122326,-97.591987
07143672,29,-0.866700208410767,38.02853056,-97.5405417
07144100,31,-1.1669331322430454,37.88306739,-97.4244864
07144200,104,-0.6201710462299143,37.8321722,-97.3885694
07144201,21,-0.5841236104547103,37.83935,-97.4074556
07144300,127,-0.6933499450112814,37.6433222,-97.3351944
07144550,56,0.03476179400007125,37.54430556,-97.2755694
07144780,59,0.14132406535033934,37.8621972,-98.0137806
07145200,74,-0.44372750399302496,37.561683,-97.8531094
07145500,27,0.3875116192829415,37.45696389,-97.4235556
07145700,65,-0.7911517865908544,37.24946707,-97.4036569
07146500,47,-0.18595285693225624,37.0375083,-97.0392194
07147070,59,-0.17058712136991813,37.79602778,-97.0143222
07147800,63,-0.9491317198580131,37.22440278,-96.9956889
07148350,35,-0.08017056557008101,36.96169595,-98.7823116
07148400,59,-0.17236274503199361,36.81503056,-98.6481395
07149000,79,-0.45488156316885764,37.03890556,-98.4701556
07151500,66,-0.8292645563769633,37.12868889,-97.6015694
07152000,44,-0.3157686069463412,36.8114211,-97.277265
07152500,54,-0.23940345668081564,36.50421677,-96.7283672
07153000,25,0.40093701979934937,36.34366537,-96.7994788
07153100,20,-0.8936125073616215,36.28339844,-96.576693
07153500,33,0.41954013725154976,36.9875204,-103.4241098
07154500,20,-0.5279393459313368,36.92668707,-102.9590954
07155590,40,-0.5208620668876266,37.12196746,-101.8979456
07155900,23,-0.15807134464045597,37.190856,-101.8987797
07156000,21,-0.5871118381196734,37.31002227,-101.7721115
07156220,29,-0.7774352759810862,37.62640445,-101.7615609
07156600,30,-0.8659522748044453,37.33530208,-101.0504428
07156900,28,0.6425695166439819,37.0111372,-100.4918171
07157000,23,0.6074960070642549,36.97586114,-100.3143115
07157500,82,-0.11998820545191019,37.032528,-100.2112531
07157900,28,-0.09584803584147353,37.26570764,-99.3465759
07157960,28,-0.461422241962194,36.7705872,-99.3670537
07158000,40,-1.0508018045159777,36.51725644,-98.8795366
07158500,26,-0.22872787153480814,36.04170507,-98.0136703
07159000,28,0.07141513233061406,36.31808997,-98.001172
07160000,47,-0.4395992506609199,35.9206023,-97.4258746
07160500,49,0.1806010869287428,36.06004045,-97.5850471
07161000,61,-0.3465589072221231,35.9575563,-97.031975
07163000,61,0.30608958469474506,36.116169,-96.8678088
07164000,24,-0.5901495370102177,36.15896349,-96.3986265
07164500,40,-0.4103020967571626,36.14064807,-96.0063866
07164600,36,-0.8015665411346748,36.07565044,-95.9605501
07165562,37,-0.2194033352602055,36.01704297,-95.8488777
07165565,37,0.2624804804932004,36.01759824,-95.8608227
07165700,22,-0.3042382614608182,38.13497189,-96.1033057
07165750,21,-2.132226455266395,37.98237778,-96.0230028
07166000,20,-0.03336511051086707,37.70480447,-95.9063089
07166500,22,-0.6365511529821518,37.5297764,-95.674703
07167000,32,-1.3937984119543436,37.78505515,-96.2348096
07167500,72,-0.9268126499782998,37.70819167,-96.2232972
07169800,57,-0.9470947529995506,37.37559729,-96.185548
07170000,33,-0.4823115655341962,37.26369915,-95.9018212
07170500,34,0.1167386434990276,37.22368014,-95.6777573
07170700,23,1.1418548239770643,37.2667325,-95.469144
07172000,86,-1.1871508875837402,37.00395556,-96.3166611
07174200,37,-0.08140203009228865,36.89507859,-95.9694266
07174600,34,-0.7499142159353948,36.71952346,-96.1324935
07176500,32,-1.0569045287249386,36.48508798,-96.0602743
07177000,38,-0.769847931885624,36.34869699,-96.1100024
07177500,46,0.20165044722777098,36.27842534,-95.954162
07177650,37,-0.8990266647218926,36.21536936,-95.9952759
07177800,36,0.2157079718134426,36.1945384,-95.9141599
07179500,28,-0.6550196911500952,38.66584085,-96.493614
07180000,30,-0.5118047020658353,38.35140376,-97.0586349
07180500,86,-0.8919293181873246,38.19653056,-96.8243417
07181500,43,-0.7146869553101746,38.39321704,-96.7185648
07182400,62,0.2621786336191082,38.2698522,-95.8660774
07183000,56,0.29660916970080276,37.92225778,-95.4277596
07183500,44,0.3739039763536131,37.34005866,-95.1099687
07184000,74,0.1602798407349777,37.28116187,-95.0327471
07184500,51,-0.7173634886407757,37.19378248,-95.1925046
07185000,29,-0.17708070754587488,36.92868144,-94.9574574
07189700,24,-0.42993915273264105,36.6931972,-94.9453944
07191000,47,-0.026849987404524423,36.56841789,-95.1521891
07192000,21,0.1711571532967511,36.28120597,-95.3258024
07199000,40,0.08162884997836013,36.7872491,-104.4622099
07208500,102,0.4484694495630439,36.37234444,-104.9692889
07211500,83,1.0182562254217358,36.29756944,-104.4954722
07214000,30,0.4622962107561564,35.9194805,-104.3533148
07216500,96,-0.427554473928701,35.8908722,-105.1636194
07222500,60,-0.00929783776519803,35.40282567,-104.4435938
07226500,80,-0.7192972033174216,35.43852778,-103.5257944
07227100,62,0.05502051666441082,35.3443861,-103.3896056
07227200,48,-0.9377297660601427,36.0708333,-103.2033333
07229300,21,0.2602100809387037,34.99896109,-97.3669727
07230500,23,1.159676115360941,35.17257416,-96.9319662
07231000,24,-0.25750543679456567,34.9653615,-96.5125113
07232500,41,-0.5127750665285363,36.72141497,-101.4896047
07233000,41,-0.09368816207857518,36.64391566,-101.210993
07233500,60,-1.063335525637389,36.20225497,-101.305993
07234000,42,-0.9238484705007749,36.82224819,-100.5193158
07236000,34,-0.01686274924170839,36.39920437,-99.6231707
07237800,20,-0.08803722671736944,36.19059525,-99.0103753
07241520,36,0.06743934789861407,35.5656147,-97.367258
07243000,39,0.13042272841715072,35.78200855,-96.8541915
07243500,30,0.21516651242587237,35.6739876,-96.0686077
07244000,20,-0.03528368295081498,35.478715,-95.882773
07295500,36,-2.0754421069326137,34.84867146,-102.1760295
07298000,33,-0.7941429357252888,34.55950499,-101.7096254
07298500,33,0.3380306064795474,34.62783574,-100.9406994
07299670,63,-0.7363738731024526,34.35451979,-99.7403719
07299890,27,-0.40089086018255554,34.93560669,-100.6965246
07300500,49,-0.0277526346615321,34.85839374,-99.5087007
07301410,63,-0.31728111229464495,35.47310419,-100.1209501
07301500,59,-0.4707283517631308,35.16810838,-99.5073128
07303400,21,-0.9612853586183568,35.01172,-99.9037143
07303500,28,-0.4902782689665076,34.92672485,-99.5003669
07304500,20,0.6995182899511742,34.9142267,-99.1139666
07307800,47,-0.6422485761211983,34.2275718,-100.0737179
07308000,24,-1.1907946129868763,34.09591516,-99.7300939
07308200,63,-0.5388045567097928,34.1795833,-99.3233333
07311000,26,-0.5992253695510343,34.36230747,-98.2825468
07311500,58,-0.0239468799321653,34.22092454,-98.4531104
07311600,39,-0.7618231987969737,33.9506365,-100.0648269
07311700,64,0.23970136314282983,33.82064216,-99.7864822
07311783,27,0.9277996338828824,33.62203029,-100.2089951
07311800,64,-0.917354891186001,33.644257,-99.8009252
07311900,47,-0.30028013155514843,33.70036966,-99.3886905
07313600,21,-0.13664145676009568,34.1820367,-98.0017028
07315200,61,0.047739154357868116,33.81287833,-98.0850406
07315700,65,-0.3301668974099762,34.00426516,-97.566968
07316500,26,-0.3915259550253399,35.62643705,-99.6684386
07317500,21,0.2906197626722597,35.46949378,-99.669824
07319000,20,-0.7336317637298735,35.5083824,-99.6114899
07320000,20,-1.0834341418642985,35.4667161,-99.5559317
07325000,28,0.38023844328321227,35.5308832,-98.9670296
07325500,30,0.2776530317674702,35.11728108,-98.5639503
07325850,29,-0.3395234085353362,35.29088918,-98.5292287
07325860,26,0.2816114554465562,35.23339066,-98.4661702
07326000,26,-0.5106058069900221,35.14367036,-98.4428358
07327490,23,0.5975166071445925,34.9447896,-97.9525425
07327500,21,0.673510006352154,34.95673396,-97.926431
07328500,22,-0.5363922461922281,34.75480245,-97.2514124
07329780,20,-0.8146133356826488,34.4317552,-97.1472406
07331000,32,-0.04861258432820047,34.23342725,-96.9758447
07332390,21,-0.5443916069070579,34.383426,-96.6005579
07332400,21,-0.3546850030162572,34.2506492,-96.5488877
07332600,23,-1.9098166470225428,33.47566345,-96.2147
07342465,28,-1.3255371910299183,33.21177979,-95.9141328
07342480,33,-1.5058736568871867,33.26650079,-95.9155217
07342500,49,-0.22338364035895772,33.356499,-95.5949562
07343000,75,-1.1514644445932158,33.47483009,-95.5877347
07386000,20,0.03814108610417781,30.37658758,-92.0431756
07386500,28,-1.1945453742363878,30.42797613,-92.0917879
07386880,57,0.007132986791763356,30.2174229,-91.9928975
07386980,39,-0.5623317355079767,29.9511111,-92.1563611
08010000,85,-0.7723782762981332,30.48288889,-92.4906944
08012000,85,0.2265294249557369,30.48077778,-92.63175
08012150,40,0.17373083185791513,30.19,-92.5905556
08012470,32,-0.34494471299997365,30.07,-92.8788611
08043500,25,-0.07389513931938077,33.2015046,-97.756144
08044000,21,0.28881319792796967,33.23178218,-97.6947538
08044800,32,-0.5966256215236733,32.94568035,-97.5830798
08047050,26,-0.24338416307996036,32.6951316,-97.4472422
08047500,30,0.6103215738351128,32.732353,-97.3589063
08048970,35,-0.9682203693703976,32.60346909,-97.2650142
08049580,39,-0.6604009564499609,32.49097237,-97.1230646
08049700,64,-0.5917116907891479,32.5809695,-97.1019533
08050800,39,-0.5399202060294491,33.55455428,-96.9472267
08050840,32,-0.11132198700541841,33.52622016,-96.8072191
08051000,37,-0.05998612726099683,33.4065031,-97.0127854
08054000,21,0.03139552161418808,33.0401228,-97.2050145
08056500,32,0.17382874839059673,32.80735055,-96.8025013
08057200,41,-1.2168449991756436,32.88929207,-96.7566664
08061500,30,-0.518545279661219,32.92373399,-96.5058219
08061540,56,-0.19943961439404614,32.95984447,-96.6144378
08063500,23,-0.8638779827198955,31.95071375,-96.42137
08064500,23,-0.6815961404471276,32.10820817,-96.3708135
08067500,53,0.032519259557859476,29.97271914,-94.9857602
08068720,49,-1.0389965086357005,29.9502237,-95.8082835
08068740,50,1.250512770588666,29.959112,-95.7177249
08068780,42,-0.5070358442550239,30.01605437,-95.6974463
08068800,42,0.06452004543191178,29.97355566,-95.5985545
08072300,47,0.17552395315830754,29.74328664,-95.8068951
08072730,46,0.3348339178834979,29.8307828,-95.6868912
08072760,47,0.027947764684082495,29.86717035,-95.646612
08073500,80,0.0903363509614163,29.7618958,-95.6057782
08073600,53,0.3753669616767655,29.76217336,-95.5577213
08074020,38,-0.2946643428433197,29.87078073,-95.4804961
08077000,33,-1.2370934255120787,29.59745458,-95.2866029
08077600,27,0.18080324000173797,29.51745517,-95.178544
08079600,63,-0.7515929110911755,33.03843236,-101.1976302
08080500,65,-0.5039522706598285,33.0081577,-100.1806589
08080700,59,-0.035417720054138575,34.17896048,-101.7026748
08080918,23,0.0750237049813523,33.32430833,-100.9251194
08081200,27,-0.7214179312538382,33.288425,-100.4315008
08081500,21,0.2456143744987797,33.40092169,-100.4084454
08082000,27,-0.22324118176496635,33.3339801,-100.2381622
08082180,21,0.409556018795633,33.38314796,-100.0812116
08082500,40,-0.30169100381685643,33.58092766,-99.2675756
08082700,60,-0.3225877610576595,33.32926607,-99.4650825
08083100,63,-0.2539847891198385,32.78760777,-100.3887183
08083245,21,-0.1952249317230834,32.5678991,-99.7925909
08083420,33,0.03757874810103108,32.47540219,-99.7492556
08084800,62,-0.6540771503179758,32.93094435,-99.642588
08086050,37,-1.756830999563966,32.55929085,-99.170074
08086150,28,0.4061982220485125,32.7076192,-99.2750778
08086212,58,0.014282489400607796,32.73289717,-99.1406299
08087300,32,-0.4657661900972868,32.96068333,-98.7667694
08088100,20,0.9875905103513469,33.37038526,-98.7447837
08088300,31,0.0516533054178068,33.21205664,-98.6186695
08088450,25,-0.4900312398301197,32.8276216,-98.7239509
08091500,34,0.21151046258274886,32.23153166,-97.7772512
08093500,45,0.29130583882162964,31.84460414,-97.2013961
08094000,22,0.3517703286564895,32.16597404,-98.3414335
08095300,65,-1.3144265994790714,31.50933179,-97.365845
08095400,20,-2.2164570516502766,31.5557199,-97.3564004
08098300,42,-0.7592785447940422,31.02657804,-96.9883413
08101000,71,-1.3604910805329586,31.2848902,-97.8850244
08102500,33,-0.29512305739939926,31.07017947,-97.4413967
08103900,62,-1.1286671824349033,30.91156805,-98.0369676
08104000,37,-0.3246790518267351,30.95740298,-97.7086262
08104900,57,-0.6171311560295819,30.6257499,-97.6911204
08105000,40,-0.23137264312115746,30.6540824,-97.6552863
08105095,20,-1.0304293071902215,30.70324685,-97.6663985
08105100,36,-2.433312765354969,30.69130304,-97.6561202
08106500,37,0.4822407286529843,30.83519047,-96.9466512
08114000,23,-0.3503069719433433,29.5824589,-95.7577275
08115000,77,-0.029529278377664732,29.47190769,-95.8030067
08117995,36,-0.26276982874425003,32.62874497,-101.2854152
08120500,60,0.33463579453939396,32.57372368,-100.9078941
08123800,66,-0.3906126528471255,32.1992913,-101.0140029
08126380,41,-0.5137043676533888,31.71542973,-100.0264755
08127000,49,0.24613637414698333,31.74931697,-99.9478636
08128000,45,-0.3744134990952399,31.18711186,-100.5020388
08128400,58,-1.2946279339120952,31.42738264,-100.7112125
08128500,31,-1.8062300450488902,31.37655145,-100.614265
08130500,64,0.014719855480887742,31.27405465,-100.6309318
08131000,30,-1.113477516812068,31.35849668,-100.5350958
08131400,43,-0.22136026407662412,31.30905356,-100.4459254
08133500,82,-0.04816056061236856,31.83013918,-100.9937215
08134000,98,-1.52970224866595,31.5926549,-100.6370449
08134250,21,-0.332741563476336,31.54265769,-100.5550977
08140000,20,0.0526915978512055,31.39960637,-99.1375496
08144500,61,-0.3011317567845112,30.91907405,-99.785643
08145000,25,0.7168868713876523,31.1382357,-99.3350754
08146000,38,0.25320670742520446,31.21322316,-98.7194871
08148500,88,-0.6582777259300794,30.5174101,-99.806179
08150000,48,-0.21182552564493817,30.50435487,-99.7345097
08150700,57,-0.2719340151428265,30.66073685,-99.1092185
08150800,60,-0.6203103870280626,30.64351548,-99.0958848
08151500,33,-0.1811314870745978,30.7513041,-98.6697773
08152000,57,-0.8098462080012022,30.5576991,-98.472271
08152900,40,-0.41147061179354516,30.22048584,-98.8697812
08153500,27,-0.6332834563061761,30.29187379,-98.3994904
08154700,46,-0.7571141382865255,30.37214825,-97.7847301
08155200,43,-0.6454151786567361,30.29631587,-97.925565
08155240,37,-0.43433629108945976,30.2740957,-97.8447296
08155300,49,-0.6698672301913222,30.24465306,-97.8022283
08155400,26,-1.5111696763228692,30.26354168,-97.772228
08157500,20,-0.22759357530883817,30.28576347,-97.7338942
08158050,22,-0.5133869400060934,30.26326487,-97.6725032
08158700,45,-1.6111537860695653,30.08298924,-98.0077859
08158810,47,-0.8761738983810629,30.15548749,-97.9400076
08158827,21,-0.6068875546061587,30.12632345,-97.8211161
08158840,47,-1.1653695875987293,30.2090972,-97.9033409
08158860,25,-0.21162464125453298,30.1621554,-97.8322279
08162600,54,-0.4033849543984398,28.92803769,-96.1710747
08163500,69,-0.141470570992688,29.4432973,-96.9449819
08164000,87,-0.06674499770401385,28.95998449,-96.6863668
08164390,27,-0.334707537774913,29.06553568,-96.6741434
08164450,47,0.11275890124687354,29.1602539,-96.5463608
08164500,24,-0.46423824814254744,29.0258147,-96.5524733
08164503,47,-0.7679995497168248,29.07185833,-96.4680278
08164504,28,-0.867103787773738,29.07081227,-96.4171913
08164600,54,-1.31681502266149,28.8913759,-96.8191486
08164800,54,-0.991763522827122,28.72527137,-96.7688702
08165300,58,-0.21380266706106685,30.06410028,-99.3870175
08165500,60,-0.2659150613498669,30.06993074,-99.3217122
08166000,76,0.116053426851115,30.10020707,-99.2831006
08166140,27,2.3874785148198843,30.06965617,-99.1953454
08167000,46,-0.1440165527363978,29.96523889,-98.8971667
08167500,99,-0.3366841180276183,29.8604957,-98.3836275
08168500,36,-0.15567328146736475,29.7149465,-98.1100083
08169000,47,0.6421880976607447,29.70640833,-98.1222083
08171000,98,-0.6394674273589892,29.99438343,-98.088925
08171300,69,-0.5046184923171549,29.9793843,-97.910031
08175000,69,-0.1338167484077057,29.2152475,-97.4494353
08178000,78,-1.0589161837916197,29.40967796,-98.495017
08178050,32,-2.1520199936019853,29.39301189,-98.4947392
08178500,23,0.0455005316111925,29.40634484,-98.5108795
08178565,37,-0.006236728233189662,29.32218095,-98.450322
08178700,48,-0.12313314006443503,29.5160633,-98.4311271
08178800,52,0.03489472481139497,29.35718017,-98.4127925
08178880,41,-0.18995516744109237,29.72383537,-99.070035
08179000,42,-0.004011592632417023,29.67550339,-98.9761429
08179100,23,-0.6577897330739664,29.6810586,-98.9555868
08181400,56,-0.12459440009479641,29.57856108,-98.6916896
08185000,33,-0.42037215720636895,29.5941166,-98.3111242
08189200,54,-1.8967885891009575,28.30360538,-97.1125039
08189500,85,-0.8373556694685019,28.29193875,-97.2791751
08189700,61,-0.2820907991937493,28.28249389,-97.6208513
08189800,21,-0.46348449948470144,28.04695919,-97.5038832
08190000,41,-0.409871298608535,29.42856679,-99.997287
08190500,79,-0.4067181257583976,29.48108333,-100.2391667
08192000,34,-0.5526822696893795,29.12385015,-99.8948062
08194000,25,0.42334838475444836,28.42637889,-99.2400322
08194200,63,-2.2365802607081657,27.96501329,-98.9669678
08195000,100,-0.4669927124936231,29.48856496,-99.7047756
08196000,74,-0.609117587053638,29.50467576,-99.7814452
08198000,81,-1.084244744199762,29.4910644,-99.492824100000007
08198500,73,-0.7939681475362415,29.31430556,-99.4804722
08200000,73,-0.7355086777633933,29.57003056,-99.2476889
08200700,39,-1.5471772353409132,29.39078876,-99.1514252
08201500,64,-0.34656034456723783,29.573284,-99.4030997
08202700,44,-1.41758702398443,29.37078917,-99.2878185
08204005,22,-0.09762244058954483,29.1544077,-99.7433888
08205500,107,-0.8127964813702684,28.73664429,-99.1447556
08206600,46,-1.2034254922578387,28.46749279,-98.5475174
08207000,32,0.4035232450056454,28.49221399,-98.3466783
08207500,23,-0.49174600949027025,28.86497693,-98.3383454
08208000,40,0.6012361810419296,28.62220899,-98.2813988
08210000,33,0.44380647522534966,28.42749545,-98.1780625
08210400,33,-0.2470969072522279,28.05973533,-98.0969482
08211520,52,-0.8470582341132877,27.71141879,-97.5019377
08212400,41,-1.724113419313704,27.26448618,-98.1358378
08379500,105,-0.01329467144683373,35.17866944,-105.1088028
08382600,22,-0.31640248146090216,35.09138889,-104.8005556
08382730,25,0.03634227152622403,35.09505534,-104.6641554
08383000,54,-0.243274903546556,34.9433921,-104.6991562
08383500,43,0.2174175360510791,34.7300833,-104.5249111
08384500,68,1.0747908533665507,34.60405556,-104.3879167
08388000,40,0.13580994474068914,33.38342216,-105.27554
08389500,37,-0.23275520529434504,33.3889775,-105.27554
08390500,85,-0.4579673978775378,33.34916667,-104.8516667
08397600,64,-0.03295494872054909,32.88152778,-105.1780556
08449000,28,-0.4172185595985484,29.96353604,-101.1453849
08455000,54,-0.7175415041306807,29.1460712,-100.7184202
08459000,59,0.8067888821742027,27.50183333,-99.5029667
382628104493700,20,-0.5010630684775739,38.4411111,-104.8269444
394839104570300,21,1.0878095982264568,39.8109722,-104.9515833
