site_no,dec_lat_va,dec_long_va,elev_m,slope_deg
08163500,29.4432973,-96.9449819,62,1.5350993871688843
08175000,29.2152475,-97.4494353,60,0.9716824889183044
07386000,30.37658758,-92.0431756,6,0.4310184121131897
07386500,30.42797613,-92.0917879,13,1.852181077003479
07386880,30.2174229,-91.9928975,2,0.8619880676269531
07386980,29.9511111,-92.1563611,1,0.4967004954814911
08010000,30.48288889,-92.4906944,7,0.6996033787727356
08012000,30.48077778,-92.63175,6,0.4963589608669281
08012150,30.19,-92.5905556,0,0.6562607884407043
08012470,30.07,-92.8788611,0,0
08067500,29.97271914,-94.9857602,15,0.32773450016975403
08068720,29.9502237,-95.8082835,48,0.4310184121131897
08068740,29.959112,-95.7177249,43,0.32770875096321106
08068780,30.01605437,-95.6974463,47,0.3858758509159088
08068800,29.97355566,-95.5985545,36,0.6967778205871582
08072300,29.74328664,-95.8068951,34,0.5377548336982727
08072730,29.8307828,-95.6868912,33,0.654918909072876
08072760,29.86717035,-95.646612,33,1.4660530090332031
08073500,29.7618958,-95.6057782,20,0.9209007620811462
08073600,29.76217336,-95.5577213,20,1.875212550163269
08074020,29.87078073,-95.4804961,21,0.5527014136314392
08077000,29.59745458,-95.2866029,13,0.4962703585624695
08077600,29.51745517,-95.178544,2,1.14794921875
08104900,30.6257499,-97.6911204,219,6.767253875732422
08105000,30.6540824,-97.6552863,199,3.705665349960327
08105095,30.70324685,-97.6663985,211,1.7938647270202637
08105100,30.69130304,-97.6561202,208,1.792474627494812
08106500,30.83519047,-96.9466512,100,3.6086602210998535
08114000,29.5824589,-95.7577275,16,4.376815319061279
08115000,29.47190769,-95.8030067,22,0.4310184121131897
08148500,30.5174101,-99.806179,524,2.717496871948242
08150000,30.50435487,-99.7345097,504,3.592050552368164
08150700,30.66073685,-99.1092185,382,5.381444931030273
08150800,30.64351548,-99.0958848,384,1.9880069494247437
08151500,30.7513041,-98.6697773,300,4.577189922332764
08152000,30.5576991,-98.472271,268,4.004737377166748
08152900,30.22048584,-98.8697812,484,3.457317352294922
08153500,30.29187379,-98.3994904,345,4.449274063110352
08154700,30.37214825,-97.7847301,167,1.7481613159179688
08155200,30.29631587,-97.925565,232,3.4757156372070312
08155240,30.2740957,-97.8447296,181,2.653799057006836
08155300,30.24465306,-97.8022283,158,0.4310184121131897
08155400,30.26354168,-97.772228,137,1.5311760902404785
08157500,30.28576347,-97.7338942,157,1.3844548463821411
08158050,30.26326487,-97.6725032,134,1.406015396118164
08158700,30.08298924,-98.0077859,268,2.6715409755706787
08158810,30.15548749,-97.9400076,265,0.896769106388092
08158827,30.12632345,-97.8211161,181,2.2783501148223877
08158840,30.2090972,-97.9033409,269,1.7165712118148804
08158860,30.1621554,-97.8322279,200,0.2155122607946396
08162600,28.92803769,-96.1710747,6,1.077439308166504
08164000,28.95998449,-96.6863668,10,0.9146047234535217
08164390,29.06553568,-96.6741434,20,0.97817063331604
08164450,29.1602539,-96.5463608,20,0.3262538015842438
08164500,29.0258147,-96.5524733,12,1.0115032196044922
08164503,29.07185833,-96.4680278,16,1.8732588291168213
08164504,29.07081227,-96.4171913,19,1.183354139328003
08164600,28.8913759,-96.8191486,13,0.5524404048919678
08164800,28.72527137,-96.7688702,7,0.6901617050170898
08165300,30.06410028,-99.3870175,556,8.48310661315918
08165500,30.06993074,-99.3217122,532,4.062432289123535
08166000,30.10020707,-99.2831006,533,13.88509750366211
08166140,30.06965617,-99.1953454,506,2.36971378326416
08167000,29.96523889,-98.8971667,420,0.5387539267539978
08167500,29.8604957,-98.3836275,293,0.691951334476471
08168500,29.7149465,-98.1100083,189,5.667989730834961
08169000,29.70640833,-98.1222083,182,0.16362234950065613
08171000,29.99438343,-98.088925,251,3.1715471744537354
08171300,29.9793843,-97.910031,196,3.7043297290802
08178000,29.40967796,-98.495017,188,0.49004530906677246
08178050,29.39301189,-98.4947392,184,0.9179702997207642
08178500,29.40634484,-98.5108795,184,0.3266947865486145
08178565,29.32218095,-98.450322,157,3.5132641792297363
08178700,29.5160633,-98.4311271,212,2.012232542037964
08178800,29.35718017,-98.4127925,165,0.38356369733810425
08178880,29.72383537,-99.070035,376,3.0675530433654785
08179000,29.67550339,-98.9761429,329,1.4767723083496094
08179100,29.6810586,-98.9555868,345,4.862610340118408
08181400,29.57856108,-98.6916896,311,0.49624794721603394
08185000,29.5941166,-98.3111242,224,0.163519486784935
08189200,28.30360538,-97.1125039,7,0.3247632086277008
08189500,28.29193875,-97.2791751,5,0.9952252507209778
08189700,28.28249389,-97.6208513,25,0.2155122607946396
08189800,28.04695919,-97.5038832,9,1.035604476928711
08190000,29.42856679,-99.997287,344,2.4283406734466553
08190500,29.48108333,-100.2391667,408,0.32683074474334717
08192000,29.12385015,-99.8948062,249,3.5854647159576416
08194000,28.42637889,-99.2400322,122,3.0622425079345703
08194200,27.96501329,-98.9669678,96,0.6483641862869263
08195000,29.48856496,-99.7047756,370,0.9774668216705322
08196000,29.50467576,-99.7814452,413,0.2155122607946396
08198000,29.4910644,-99.492824100000007,347,1.7841249704360962
08198500,29.31430556,-99.4804722,274,3.5672836303710938
08200000,29.57003056,-99.2476889,362,2.124499797821045
08200700,29.39078876,-99.1514252,283,2.2998180389404297
08201500,29.573284,-99.4030997,393,4.243244647979736
08202700,29.37078917,-99.2878185,278,0.3836093544960022
08204005,29.1544077,-99.7433888,260,2.479876756668091
08205500,28.73664429,-99.1447556,137,1.301820158958435
08206600,28.46749279,-98.5475174,70,2.2083022594451904
08207000,28.49221399,-98.3466783,64,0
08207500,28.86497693,-98.3383454,81,0.34556475281715393
08208000,28.62220899,-98.2813988,54,1.1244958474237467e-15
08210000,28.42749545,-98.1780625,41,3.8775861263275146
08210400,28.05973533,-98.0969482,62,0.8108327388763428
08211520,27.71141879,-97.5019377,6,1.8057867288589478
08212400,27.26448618,-98.1358378,NA,NA
08397600,32.88152778,-105.1780556,1600,1.3894954919815063
08449000,29.96353604,-101.1453849,457,0.6554117202758789
08455000,29.1460712,-100.7184202,251,0.9714238047599792
08459000,27.50183333,-99.5029667,118,6.012207508087158
07342465,33.21177979,-95.9141328,147,1.5393338203430176
07342480,33.26650079,-95.9155217,146,0.3984902501106262
08043500,33.2015046,-97.756144,224,1.3751267194747925
08044000,33.23178218,-97.6947538,224,2.1960108280181885
08044800,32.94568035,-97.5830798,208,1.2920823097229004
08047050,32.6951316,-97.4472422,189,0.6443620324134827
08047500,32.732353,-97.3589063,164,3.4115536212921143
08048970,32.60346909,-97.2650142,184,0.5535162687301636
08049580,32.49097237,-97.1230646,181,3.0250070095062256
08049700,32.5809695,-97.1019533,166,1.7493479251861572
08054000,33.0401228,-97.2050145,163,0.39754435420036316
08056500,32.80735055,-96.8025013,132,4.842623710632324
08057200,32.88929207,-96.7566664,147,0.5093446373939514
08061500,32.92373399,-96.5058219,133,2.6314456462860107
08061540,32.95984447,-96.6144378,143,1.0194146633148193
08063500,31.95071375,-96.42137,96,1.4976037740707397
08064500,32.10820817,-96.3708135,93,1.6466624736785889
08079600,33.03843236,-101.1976302,685,2.97955060005188
08080500,33.0081577,-100.1806589,497,2.4234464168548584
08080918,33.32430833,-100.9251194,627,1.297486424446106
08081200,33.288425,-100.4315008,518,1.390358328819275
08082000,33.3339801,-100.2381622,491,5.279027462005615
08082700,33.32926607,-99.4650825,415,0.501280665397644
08083100,32.78760777,-100.3887183,578,0.5004847645759583
08083245,32.5678991,-99.7925909,496,0.8747806549072266
08083420,32.47540219,-99.7492556,518,0.4310184121131897
08084800,32.93094435,-99.642588,450,0.3970903754234314
08086050,32.55929085,-99.170074,395,1.9998642206192017
08086150,32.7076192,-99.2750778,414,1.244929313659668
08086212,32.73289717,-99.1406299,369,6.982369899749756
08087300,32.96068333,-98.7667694,316,2.1471617221832275
08088300,33.21205664,-98.6186695,337,1.5041786432266235
08088450,32.8276216,-98.7239509,338,1.5896538496017456
08091500,32.23153166,-97.7772512,189,1.4987757205963135
08093500,31.84460414,-97.2013961,143,1.6392371654510498
08094000,32.16597404,-98.3414335,432,0.16603843867778778
08095300,31.50933179,-97.365845,163,0.8977393507957458
08095400,31.5557199,-97.3564004,173,1.5660021305084229
08098300,31.02657804,-96.9883413,122,0.8973844051361084
08101000,31.2848902,-97.8850244,233,2.346479892730713
08102500,31.07017947,-97.4413967,151,1.7473747730255127
08103900,30.91156805,-98.0369676,295,0.49791303277015686
08104000,30.95740298,-97.7086262,198,2.9308247566223145
08117995,32.62874497,-101.2854152,689,0.7648625373840332
08120500,32.57372368,-100.9078941,668,3.302891492843628
08123800,32.1992913,-101.0140029,630,0.39411816000938416
08126380,31.71542973,-100.0264755,496,1.6376689672470093
08127000,31.74931697,-99.9478636,496,3.958556652069092
08128000,31.18711186,-100.5020388,615,0.3465929925441742
08128400,31.42738264,-100.7112125,614,2.1401238441467285
08128500,31.37655145,-100.614265,591,0.16522742807865143
08130500,31.27405465,-100.6309318,615,0.9335092902183533
08131000,31.35849668,-100.5350958,591,0
08131400,31.30905356,-100.4459254,592,1.1314855813980103
08133500,31.83013918,-100.9937215,688,0.2155122607946396
08134000,31.5926549,-100.6370449,604,0.49881452322006226
08134250,31.54265769,-100.5550977,583,0.9810093641281128
08140000,31.39960637,-99.1375496,411,6.361109437179021e-15
08144500,30.91907405,-99.785643,569,1.191687822341919
08145000,31.1382357,-99.3350754,510,3.78454852104187
08146000,31.21322316,-98.7194871,359,1.153706431388855
07222500,35.40282567,-104.4435938,1341,1.9609076976776123
07226500,35.43852778,-103.5257944,1165,3.368797540664673
07227100,35.3443861,-103.3896056,1120,2.9941792488098145
07229300,34.99896109,-97.3669727,313,0.2155122607946396
07230500,35.17257416,-96.9319662,277,0.8316497206687927
07231000,34.9653615,-96.5125113,228,0.6611471772193909
07241520,35.5656147,-97.367258,344,6.361109437179021e-15
07243000,35.78200855,-96.8541915,256,6.361109437179021e-15
07243500,35.6739876,-96.0686077,196,0.5102762579917908
07244000,35.478715,-95.882773,181,3.1381192207336426
07295500,34.84867146,-102.1760295,1112,0.3485313355922699
07298000,34.55950499,-101.7096254,1036,1.6580970287322998
07298500,34.62783574,-100.9406994,628,0.34840187430381775
07299670,34.35451979,-99.7403719,438,0.1684781312942505
07299890,34.93560669,-100.6965246,736,2.028285026550293
07300500,34.85839374,-99.5087007,458,0.9965956807136536
07301410,35.47310419,-100.1209501,682,1.2488436698913574
07301500,35.16810838,-99.5073128,513,2.8407723903656006
07303400,35.01172,-99.9037143,526,1.9974141120910645
07303500,34.92672485,-99.5003669,467,0.6766317486763
07304500,34.9142267,-99.1139666,439,0.5074401497840881
07307800,34.2275718,-100.0737179,457,2.329904794692993
07308000,34.09591516,-99.7300939,407,0.16817468404769897
07308200,34.1795833,-99.3233333,363,0.6962636113166809
07311000,34.36230747,-98.2825468,294,1.6867790222167969
07311500,34.22092454,-98.4531104,287,0.6465123891830444
07311600,33.9506365,-100.0648269,470,3.305894374847412
07311700,33.82064216,-99.7864822,417,2.6594226360321045
07311783,33.62203029,-100.2089951,496,13.62429428100586
07311800,33.644257,-99.8009252,410,0.6705905199050903
07311900,33.70036966,-99.3886905,354,0.8833538889884949
07313600,34.1820367,-98.0017028,269,1.0050945281982422
07315200,33.81287833,-98.0850406,255,1.602895736694336
07315700,34.00426516,-97.566968,226,0.553989052772522
07316500,35.62643705,-99.6684386,584,1.895455241203308
07317500,35.46949378,-99.669824,661,0.8978040218353271
07319000,35.5083824,-99.6114899,599,0.7656000256538391
07320000,35.4667161,-99.5559317,607,2.1294374465942383
07325000,35.5308832,-98.9670296,452,0.901133120059967
07325500,35.11728108,-98.5639503,383,1.0455504655838013
07325850,35.29088918,-98.5292287,421,1.8831130266189575
07325860,35.23339066,-98.4661702,413,0.6465123891830444
07326000,35.14367036,-98.4428358,388,0.554404079914093
07327490,34.9447896,-97.9525425,332,0.830737829208374
07327500,34.95673396,-97.926431,327,1.3318307399749756
07328500,34.75480245,-97.2514124,269,2.695067882537842
07329780,34.4317552,-97.1472406,268,1.9388790130615234
07331000,34.23342725,-96.9758447,210,3.4567532539367676
07332390,34.383426,-96.6005579,276,1.4610265493392944
07332400,34.2506492,-96.5488877,203,0.6733959317207336
07332600,33.47566345,-96.2147,175,0.8816113471984863
07342500,33.356499,-95.5949562,116,0.3476901054382324
07343000,33.47483009,-95.5877347,125,1.8357142210006714
08050800,33.55455428,-96.9472267,198,0.16755317151546478
08050840,33.52622016,-96.8072191,203,1.1933006048202515
08051000,33.4065031,-97.0127854,183,6.361109437179021e-15
08080700,34.17896048,-101.7026748,1020,0.9782887697219849
08081500,33.40092169,-100.4084454,512,3.464743137359619
08082180,33.38314796,-100.0812116,451,1.1074453592300415
08082500,33.58092766,-99.2675756,384,4.484203815460205
08088100,33.37038526,-98.7447837,357,0.39892908930778503
08379500,35.17866944,-105.1088028,1570,5.1845197677612305
08382600,35.09138889,-104.8005556,1473,4.302162170410156
08382730,35.09505534,-104.6641554,1461,2.624401569366455
08383000,34.9433921,-104.6991562,1385,2.4949021339416504
08383500,34.7300833,-104.5249111,1316,3.171107053756714
08384500,34.60405556,-104.3879167,1266,2.3983852863311768
08388000,33.38342216,-105.27554,1586,9.316344261169434
08389500,33.3889775,-105.27554,1593,1.662647008895874
08390500,33.34916667,-104.8516667,1282,0.6616007089614868
06914000,38.333631,-95.2488634,278,10.714631080627441
06916000,38.2486687,-94.686432,237,2.925323486328125
06916500,38.23530274,-94.8538516,245,2.02716326713562
06917000,38.00892428,-94.7041264,246,1.3210092782974243
06917060,37.99480556,-94.3693056,228,1.873952865600586
06917240,37.83559565,-94.981361,264,0.7499796152114868
06917380,37.81754116,-94.7919095,244,2.1552658081054688
06917500,37.848929,-94.7027392,236,1.6907814741134644
06917630,37.5353611,-94.5580833,267,3.260519504547119
06918060,37.86202778,-94.39925,228,0.2708064317703247
06918070,38.0558611,-94.1454167,219,3.662109375
07107500,38.0516733,-104.7935935,1627,1.7326816320419312
07116000,38.0013961,-104.4724732,1494,4.8826212882995605
07116500,38.2250024,-104.2607996,1362,4.38734769821167
07119500,38.1085,-103.9676111,1310,1.1862539052963257
07120620,37.5548333,-104.0212222,1615,1.5177744626998901
07121500,38.0030644,-103.6560588,1257,0.7513629198074341
07122400,37.9822313,-103.5982788,1252,0.2155122607946396
07124500,37.1708521,-104.509152,1825,0.41665083169937134
07126000,37.188352,-104.1327505,1627,4.096543312072754
07126200,37.34557255,-103.9580186,1511,2.6015257835388184
07126300,37.3564059,-103.9002383,1460,3.5282158851623535
07126325,37.42418269,-103.9202382,1529,7.888706207275391
07126390,37.49279316,-103.8280114,1458,2.5538079738616943
07126415,37.51529314,-103.7255071,1377,3.2750065326690674
07126480,37.58918109,-103.6482815,1345,5.184295654296875
07126500,37.7147351,-103.5110538,1298,7.129812240600586
07128500,38.0342222,-103.2014167,1185,0.1732952743768692
07134100,38.11417565,-102.4838023,1082,0.4310184121131897
07138000,37.96613038,-101.7568467,980,0.17319729924201965
07139700,37.71446498,-100.0151344,764,0.8619880676269531
07139800,37.59775994,-100.0153544,770,1.5321718454360962
07140300,37.92194444,-99.6430556,702,0.5091420412063599
07140850,38.2066829,-99.6434539,650,1.8362783193588257
07141200,38.20758889,-99.405775,630,1.744903564453125
07142300,37.8715361,-98.8758056,601,0.519172728061676
07142575,38.09363056,-98.5461389,548,0.3467596471309662
07142800,38.03775865,-97.9342523,465,1.6074681282043457
07143300,38.30951667,-98.192575,501,0.1736961305141449
07143665,38.1122326,-97.591987,430,1.4586142301559448
07143672,38.02853056,-97.5405417,426,1.6280828714370728
07144100,37.88306739,-97.4244864,415,1.681012511253357
07144200,37.8321722,-97.3885694,407,1.383775234222412
07144201,37.83935,-97.4074556,414,1.0010625123977661
07144300,37.6433222,-97.3351944,389,3.029069423675537
07144550,37.54430556,-97.2755694,381,4.058620929718018
07144780,37.8621972,-98.0137806,447,0.4310184121131897
07145200,37.561683,-97.8531094,416,0.673740804195404
07145500,37.45696389,-97.4235556,375,1.6014662981033325
07145700,37.24946707,-97.4036569,357,0.680061399936676
07146500,37.0375083,-97.0392194,323,2.4804677963256836
07147070,37.79602778,-97.0143222,384,1.8707557916641235
07147800,37.22440278,-96.9956889,340,3.1993234157562256
07148350,36.96169595,-98.7823116,432,0.687130331993103
07148400,36.81503056,-98.6481395,396,0.34976083040237427
07149000,37.03890556,-98.4701556,394,0.9117920994758606
07151500,37.12868889,-97.6015694,339,1.2515212297439575
07152000,36.8114211,-97.277265,304,1.4724656343460083
07152500,36.50421677,-96.7283672,244,6.314134120941162
07153000,36.34366537,-96.7994788,248,1.0045777559280396
07153100,36.28339844,-96.576693,233,0.9787410497665405
07153500,36.9875204,-103.4241098,1483,1.2512822151184082
07154500,36.92668707,-102.9590954,1305,0.17174284160137177
07155590,37.12196746,-101.8979456,1033,0.4164017140865326
07155900,37.190856,-101.8987797,1065,1.8361427783966064
07156000,37.31002227,-101.7721115,1028,2.4070632457733154
07156220,37.62640445,-101.7615609,1013,2.004037618637085
07156600,37.33530208,-101.0504428,864,2.4294278621673584
07156900,37.0111372,-100.4918171,709,0.26775693893432617
07157000,36.97586114,-100.3143115,673,1.0494990348815918
07157500,37.032528,-100.2112531,661,0.41594505310058594
07157900,37.26570764,-99.3465759,616,0.41713854670524597
07157960,36.7705872,-99.3670537,493,0.5069684386253357
07158000,36.51725644,-98.8795366,420,1.0129410028457642
07158500,36.04170507,-98.0136703,335,1.023297905921936
07159000,36.31808997,-98.001172,352,0.2155122607946396
07160000,35.9206023,-97.4258746,281,2.6873176097869873
07160500,36.06004045,-97.5850471,285,2.563387393951416
07161000,35.9575563,-97.031975,254,0.978667140007019
07163000,36.116169,-96.8678088,258,0.6704052090644836
07164000,36.15896349,-96.3986265,221,0.5121468901634216
07164500,36.14064807,-96.0063866,194,0.5120763778686523
07164600,36.07565044,-95.9605501,192,0.4310184121131897
07165562,36.01704297,-95.8488777,190,0.9314168095588684
07165565,36.01759824,-95.8608227,197,3.039170026779175
07165700,38.13497189,-96.1033057,320,0.5203121304512024
07165750,37.98237778,-96.0230028,298,2.424424171447754
07166000,37.70480447,-95.9063089,271,6.027750015258789
07166500,37.5297764,-95.674703,244,0.17257648706436157
07167000,37.78505515,-96.2348096,305,1.1928435564041138
07167500,37.70819167,-96.2232972,302,0.8562592267990112
07169800,37.37559729,-96.185548,280,2.742987632751465
07170000,37.26369915,-95.9018212,244,1.60100257396698
07170500,37.22368014,-95.6777573,224,2.623061180114746
07170700,37.2667325,-95.469144,247,0.34441500902175903
07172000,37.00395556,-96.3166611,237,2.562220811843872
07174200,36.89507859,-95.9694266,216,0
07174600,36.71952346,-96.1324935,215,1.077439308166504
07176500,36.48508798,-96.0602743,199,1.175653338432312
07177000,36.34869699,-96.1100024,217,0
07177500,36.27842534,-95.954162,180,1.3259364366531372
07177650,36.21536936,-95.9952759,192,1.6796191930770874
07177800,36.1945384,-95.9141599,186,0.794806718826294
07180500,38.19653056,-96.8243417,388,0.555670440196991
07182400,38.2698522,-95.8660774,319,0.5209012031555176
07183000,37.92225778,-95.4277596,286,2.305018424987793
07183500,37.34005866,-95.1099687,250,2.1503634452819824
07184000,37.28116187,-95.0327471,253,0.8343876004219055
07184500,37.19378248,-95.1925046,249,0.8604803085327148
07185000,36.92868144,-94.9574574,230,1.6778240203857422
07189700,36.6931972,-94.9453944,235,1.0135751962661743
07191000,36.56841789,-95.1521891,198,5.052630424499512
07192000,36.28120597,-95.3258024,182,0.5548484325408936
07199000,36.7872491,-104.4622099,1908,0.34974250197410583
07208500,36.37234444,-104.9692889,2052,1.7555530071258545
07211500,36.29756944,-104.4954722,1720,1.555060625076294
07214000,35.9194805,-104.3533148,1512,5.531594753265381
07216500,35.8908722,-105.1636194,2064,0.9786093831062317
07227200,36.0708333,-103.2033333,1369,1.3196282386779785
07232500,36.72141497,-101.4896047,908,2.5444437748716082e-14
07233000,36.64391566,-101.210993,847,1.2722218874358041e-14
07233500,36.20225497,-101.305993,906,0.6986974477767944
07234000,36.82224819,-100.5193158,723,0.6713913679122925
07236000,36.39920437,-99.6231707,627,0.6700912117958069
07237800,36.19059525,-99.0103753,527,1.0117766857147217
06922000,38.2636354,-93.7146555,215,6.361109437179021e-15
06708800,39.423,-104.9046111,1813,2.046222448348999
06709000,39.43832246,-104.9830387,1745,1.4004368782043457
06709500,39.48443309,-105.0024836,1707,0.4292241930961609
06709530,39.50736944,-105.0244667,1687,0.42935582995414734
06712000,39.3558234,-104.7633092,1892,9.572640419006348
06712500,39.6049883,-104.8224759,1713,2.2335824966430664
06713500,39.74248685,-104.9999817,1586,0.8619880676269531
06719560,39.74040278,-105.1488333,1710,1.2554903030395508
07096000,38.43388674,-105.2572128,1633,0.42333123087882996
07096500,38.43638726,-105.1913777,1604,1.2327537536621094
07099230,38.46499989,-104.8272009,1685,3.4589855670928955
07103703,38.87693609,-104.8727543,1923,2.1923301219940186
07103960,38.9761111,-104.7986111,2011,2.0442562103271484
07103980,38.93943809,-104.7410863,2040,4.216821670532227
07104500,38.88804838,-104.8174758,1891,0.3512263000011444
07105600,38.78832768,-104.773862,1779,0.6778695583343506
07105800,38.7294404,-104.7338611,1718,1.2746877670288086
07105900,38.6844413,-104.688583,1689,0.17425215244293213
07106000,38.6016647,-104.6702503,1634,2.5444437748716082e-14
382628104493700,38.4411111,-104.8269444,1645,2.8730950355529785
394839104570300,39.8109722,-104.9515833,1559,0.5564441084861755
05474000,40.75365,-91.2770889,161,0.5643578767776489
05490500,40.72780556,-91.9596139,181,3.7682814598083496
05491000,40.44670985,-91.4848781,160,1.5341554880142212
05494300,40.7694656,-92.4187964,235,0.5326743721961975
05496000,40.1421111,-91.5656944,161,3.767274856567383
05497000,40.10816667,-91.7145833,172,2.6955480575561523
05497500,40.3324083,-92.2149583,216,3.458420753479004
05498000,40.09355556,-91.7355,172,4.111074447631836
05500000,39.8974722,-91.5802778,149,0.528380274772644
05500500,39.87476204,-92.0240623,213,0.6817812323570251
05502300,39.82988889,-92.2304444,218,1.1340115070343018
05502500,39.74127778,-92.0410278,204,1.6814748048782349
05503000,39.7583735,-91.919057,215,0.35189947485923767
05506000,39.3135861,-91.9470028,219,0.972998857498169
05506350,39.5241111,-92.12775,201,0.2155122607946396
05506500,39.48351667,-92.0136583,194,3.4740235805511475
05506800,39.4348333,-92.1677778,214,0.8510963320732117
05507000,39.4433222,-92.0019972,194,0.766845166683197
06767500,40.64138889,-99.7105556,734,1.5414462089538574
06768020,40.70723067,-99.5598289,706,1.2722218874358041e-14
06769525,40.7288988,-99.3989885,693,0.4366230070590973
06771000,40.7989,-99.1970367,664,1.5981007814407349
06771500,40.7711111,-98.7977778,621,0.17756570875644684
06806500,40.79416667,-95.9113889,290,0.8650069236755371
06807000,40.68180556,-95.8470833,283,8.1310272216796875
06810000,40.60119444,-95.6445,281,1.8577406406402588
06810500,40.6325,-96.1794444,307,0.8645064234733582
06811500,40.39277778,-95.8127778,275,1.1430542469024658
06813000,40.33941667,-95.4068333,268,0.43425607681274414
06814000,39.9477773,-96.1086149,322,1.2928601503372192
06814500,40.15694485,-95.9447206,289,1.0591835975646973
06815000,40.0355577,-95.5960957,266,2.051253318786621
06815500,40.14555556,-95.7202778,278,1.2990940809249878
06816000,39.98186944,-95.1266139,285,2.241137742996216
06817000,40.7432222,-95.0145278,298,1.0389596223831177
06817500,40.44491667,-95.0903056,277,1.143907904624939
06817700,40.20252778,-95.0695833,265,1.9584821462631226
06818750,40.7691566,-94.4052368,338,0.9936495423316956
06818900,40.34499049,-94.6863546,296,1.061026930809021
06819185,40.6609722,-94.7163056,333,0.28179535269737244
06819190,40.6335988,-94.7485808,326,0.17733511328697205
06819500,40.3455,-94.8323611,298,2.0092928409576416
06820000,40.389225,-94.9097556,327,1.0340301990509033
06820500,39.68802778,-94.7026111,255,4.518693447113037
06821000,39.62471927,-94.6005116,278,0.8325864672660828
06821080,39.56777778,-94.407,273,2.2113749980926514
06821190,39.4009722,-94.7268333,237,1.1123753786087036
06823500,40.03944444,-101.8666667,975,1.568987250328064
06825000,39.61638215,-102.2426918,1122,1.2928601503372192
06825500,39.575549,-102.2521363,1137,1.7185232639312744
06827500,40.01027778,-101.5419444,914,2.5444437748716082e-14
06835000,40.37305556,-101.1169444,840,0.5306952595710754
06836000,40.2361111,-100.8111111,781,1.140506625175476
06836500,40.14583655,-100.6732083,770,0.70609283447265625
06837300,40.40139476,-100.7837665,798,3.706547975540161
06838000,40.2347222,-100.5008333,735,1.5732938051223755
06839000,40.65666667,-100.6119444,801,2.509490966796875
06839500,40.63084187,-100.6301477,807,4.120505332946777
06840000,40.6347222,-100.4902778,773,1.307944655418396
06840500,40.6425,-100.445,789,5.650970458984375
06841000,40.50055556,-100.3227778,741,4.302162170410156
06841500,40.47194444,-100.2575,732,2.2417185306549072
06844000,40.3058333,-99.9116667,661,1.5451242923736572
06844800,39.32055648,-101.6329476,1095,0.5931960344314575
06844900,39.67694848,-100.722093,834,1.6072007417678833
06845000,39.8130606,-100.5343122,777,1.0260249376296997
06845110,40.0016,-99.9924889,683,1.296526551246643
06845200,40.04583999,-99.8904005,661,1.5359423160552979
06846000,39.848057849999996,-100.9615446,842,0.5568757653236389
06846500,39.98500557,-100.560148,771,1.3759979009628296
06847000,40.1200068,-99.8934566,663,2.8447747223202605e-14
06847500,40.1183333,-99.5169444,604,0.43293631076812744
06847900,39.769727,-100.1006875,714,1.1995539665222168
06848000,39.81000548,-99.9220683,687,2.747182846069336
06848500,39.978775,-99.4781028,619,0.35251960158348083
06850000,40.07612326,-99.1384218,573,2.5444437748716082e-14
06850200,40.0855681,-99.0659187,565,0.7067556381225586
06850500,40.06638889,-99.0363889,562,8.7496795654296875
06851000,40.1033333,-98.9802778,569,0.4310184121131897
06851500,40.0891807,-98.7609064,538,0.9838139414787292
06852000,40.08888889,-98.435,510,0.5989458560943604
06853100,40.26306828,-98.3756098,586,0.8675456643104553
06853500,39.9936611,-97.9318583,461,1.256850004196167
06853800,39.89918,-98.2503276,493,1.32252836227417
06854500,39.79873,-97.7931266,438,1.2565417289733887
06855800,39.6145692,-97.8568182,423,0.7669064402580261
06856600,39.3555515,-97.1275203,356,1.2109838724136353
06858500,39.01787498,-101.3479109,939,0.9311591982841492
06859500,38.7889022,-100.8698688,808,4.794370651245117
06860000,38.7947354,-100.8584796,804,0.8228434920310974
06860500,38.9535598,-100.4881514,793,0.8619880676269531
06861000,38.80778889,-100.0222667,671,0.6465123891830444
06863500,38.852234,-99.3181589,601,1.0219404697418213
06863900,38.8866783,-99.2062101,591,0.2155122607946396
06864500,38.72667589,-98.2336684,462,0.8475263714790344
06866000,38.56380659,-97.6664947,404,1.8081496953964233
06866900,39.1061861,-99.86955,684,1.8772265911102295
06867000,38.9658611,-98.8540917,477,1.2928601503372192
06867500,39.05919167,-98.8422917,487,2.6214566230773926
06868000,38.9333444,-98.5336787,470,2.5549137592315674
06868400,39.0576803,-98.559707,454,2.901890754699707
06869500,39.0037861,-97.8733944,394,1.2928601503372192
06869950,38.8444476,-97.6683699,373,0.523465096950531
06870300,38.62726389,-97.4275583,385,0.7566410303115845
06871000,39.67284444,-99.3092389,540,1.025116205215454
06871500,39.56028889,-99.2855722,551,0.2772896885871887
06871800,39.6600106,-99.115644,505,1.7044786214828491
06873000,39.37667456,-99.5801096,594,4.819629192352295
06873500,39.4543049,-98.9483529,491,1.877678394317627
06874500,39.69763936,-98.3396066,477,1.4542275667190552
06875800,39.53834376,-98.3164447,437,1.9869383573532104
06876000,39.45450957,-98.1098985,419,2.549912929534912
06876200,39.34999817,-97.5691998,431,1.1264934539794922
06876700,39.13912778,-97.83655,385,0.4310184121131897
06876900,38.96899167,-97.4770444,359,1.2786884307861328
06877500,38.8058573,-97.1819647,356,0.5894739627838135
06878000,39.031109,-97.0402922,341,0.7601478099822998
06878500,38.8847238,-96.9100115,342,1.687924861907959
06879200,39.0077763,-96.7391732,334,0.6989308595657349
06879500,39.10416429,-96.6988946,314,0.3513898253440857
06879650,39.102075,-96.5946889,337,1.1893116235733032
06880800,40.7311177,-97.1775413,433,3.9830610752105713
06881000,40.59666667,-96.9605556,407,2.1639437675476074
06881200,40.48000398,-97.0122523,406,1.0573502779006958
06881380,40.3669833,-96.8894694,391,1.7102388143539429
06881450,40.2852778,-96.7466925,383,1.3664584159851074
06881500,40.25666667,-96.7469444,378,2.0891201496124268
06882000,40.0447222,-96.5872222,364,6.410390853881836
06882510,39.8419463,-96.6622425,348,2.922882080078125
06883000,40.3325,-98.0669444,499,0.7073133587837219
06883570,40.20694444,-97.3886111,417,0.5566463470458984
06884000,40.1464722,-97.2007222,399,0.7073697447776794
06884025,39.98027778,-97.0047222,375,5.319849014282227
06884200,39.81361476,-97.0375267,391,1.790063500404358
06884400,39.72583518,-96.8047432,344,0.4306245446205139
06884500,39.70048729,-96.754525,344,2.8125996589660645
06885500,39.68194349,-96.4427888,343,2.1073248386383057
06886000,39.44999784,-96.7169552,329,0.17542371153831482
06886500,39.47222064,-96.8322357,340,3.155069589614868
06887500,39.19833014,-96.3055532,296,4.197247505187988
06888000,39.34777386,-96.2174979,309,1.1073358058929443
06888300,39.24916286,-96.3149982,303,1.077439308166504
06888500,39.06472106,-96.1691605,298,1.8093152046203613
06889000,39.0666666,-95.6497028,271,1.7477712631225586
06889100,39.62416264,-95.9661053,393,0.7027527093887329
06889120,39.59475678,-95.973919,380,0.2155122607946396
06889140,39.5658287,-95.962771,371,0.8593367338180542
06889160,39.46316585,-95.950609,339,1.2871167659759521
06889200,39.23833024,-95.8885992,293,0.27601704001426697
06889500,39.0994439,-95.7249828,271,1.8093961477279663
06890100,39.5213873,-95.532756,285,1.1084073781967163
06890500,39.35083166,-95.4546974,274,0.8619880676269531
06891000,39.05111157,-95.3863633,254,1.2800767421722412
06891260,38.89194444,-95.5944444,276,0.9793903827667236
06891500,38.9113923,-95.261084,252,2.2034664154052734
06892000,39.1163912,-95.0108006,251,1.6667860746383667
06892360,38.95666667,-94.9736111,239,0.8732503652572632
06892500,39.06028169,-94.8727418,236,7.489182472229004
06893080,38.8125082,-94.6757906,276,0.3511694073677063
06893150,38.88941667,-94.5806667,253,0.4258480966091156
06893500,38.957,-94.5588889,238,5.769898891448975
06893557,39.0330833,-94.6053889,258,0.9794287085533142
06893578,39.0583384,-94.5118983,229,4.8104023933410645
06893890,39.02556175,-94.3438385,233,0.766697883605957
06894000,39.1005609,-94.3005038,223,0.5509462952613831
06894500,39.33878056,-94.2131833,234,0.3515704274177551
06895000,39.33266389,-93.98,221,1.1123082637786865
06896000,39.34325,-93.4855361,200,0.17525702714920044
06896400,40.2486111,-94.3602778,256,1.1201783418655396
06897000,40.2972222,-94.0262222,264,1.028172492980957
06897500,39.9269517,-93.9427225,218,4.19611930847168
06897950,40.72444235,-93.9382816,288,1.2161210775375366
06898000,40.64027778,-93.8080556,276,5.2934770584106445
06898400,40.6958376,-93.6354975,279,0.8457719683647156
06898500,40.54889575,-93.6029987,264,1.3755946159362793
06899000,40.3099083,-93.5949194,249,6.572991371154785
06899500,40.06930556,-93.6380278,223,0.7695084810256958
06899700,39.69913889,-93.7958056,224,0.5563879609107971
06900000,40.12974444,-93.3625417,238,1.570969581604004
06900050,40.0266111,-93.4362222,226,0.4323904812335968
06901500,39.89594444,-93.2365278,216,3.6859405040740967
06902000,39.64002778,-93.2736944,197,3.33495831489563
06903700,40.80044444,-93.1926861,283,0.7673514485359192
06903990,40.75091667,-92.8582222,264,0.8648724555969238
06904000,40.73890427,-92.8015851,255,1.1487486362457275
06904500,40.2343333,-92.6863889,228,2.798006772994995
06905500,39.53994444,-92.79075,194,0.8516393303871155
06906000,39.52352778,-92.9496389,200,0.5542746186256409
06906150,39.89730556,-92.49325,252,0.9811001420021057
06907500,38.81895556,-94.0358639,248,3.774871826171875
06907700,38.87001315,-93.6221588,203,1.447385311126709
06908500,39.1163222,-93.0978083,208,0.5247086882591248
06910410,38.9544851,-92.1493489,241,1.014949917793274
06910800,38.56695524,-95.961657,324,1.017857551574707
06911000,38.5161111,-95.6961111,295,0.8619880676269531
06911490,38.60139907,-95.6847068,301,1.0180755853652954
06911500,38.60889886,-95.6383168,294,0.42429059743881226
06911900,38.7091737,-95.8383205,315,0.5107167363166809
06912500,38.6450089,-95.5597037,285,2.611090898513794
06913500,38.61806669,-95.2683071,269,2.856715679168701
06914500,38.4439057,-95.084136,262,0.8581984639167786
06914950,38.75334168,-94.977188,296,8.35511589050293
06914990,38.7675084,-94.8794073,294,2.5035324096679688
06915000,38.6563999,-94.8963521,267,1.444243311882019
06921590,38.49158056,-94.3442444,240,0.6912851929664612
06921600,38.45223976,-94.0043859,223,1.3213496208190918
06921720,38.55497778,-93.9653528,227,0.5876963138580322
06921740,38.5283485,-94.010497,240,0.34803494811058044
07141600,38.4502934,-99.8809574,680,1.403340220451355
07141780,38.47721389,-99.4375472,618,1.4591867923736572
07141800,38.4044578,-99.3076064,626,1.0524970293045044
07141900,38.46170278,-99.0144361,583,0.5217477083206177
07142860,38.52169169,-98.5836252,545,0.869982123374939
07142900,38.5357786,-98.8605317,563,0.3509640097618103
07143600,38.4132901,-98.0173439,482,0.17384913563728333
07179500,38.66584085,-96.493614,374,1.536084771156311
07180000,38.35140376,-97.0586349,401,4.251799583435059
07181500,38.39321704,-96.7185648,377,2.3978347778320312
06400875,43.18803166,-103.2265866,1015,1.907766342163086
06444000,42.68666667,-103.4177778,1116,0.5815287232398987
06445685,43.013036,-102.8357327,927,0.3547695279121399
06445980,43.14651127,-102.6833116,921,0.18183887004852295
06446000,43.25484357,-102.8273511,874,1.8833320140838623
06446100,43.14351647,-102.3583815,975,0.2155122607946396
06447500,43.1669155,-101.6327322,931,0.452568918466568
06448000,43.08711217,-101.60387,923,2.5444437748716082e-14
06452320,43.3272192,-98.9706446,418,2.2289185523986816
06453000,43.0649947,-98.5534157,379,8.188179016113281
06453255,42.9235524,-98.1063243,395,0.9017130732536316
06453500,42.94305556,-98.8405556,496,1.5792096853256226
06453600,42.8108611,-98.1753972,379,1.2248455286026
06459200,42.6036111,-101.0711111,907,0.29038581252098083
06462500,42.7535822,-99.86404,621,1.063447117805481
06463500,42.6896361,-99.6794472,609,2.0788633823394775
06464100,43.12917164,-100.1070671,677,0.6951409578323364
06464500,43.0270872,-99.780921,629,1.3360849618911743
06464900,42.9161111,-99.0969444,515,0.5205250382423401
06465000,42.81194425,-98.6517525,475,4.683110237121582
06465500,42.7397222,-98.2227778,401,1.2722218874358041e-14
06466400,42.61573056,-97.8780722,421,1.9883756637573242
06466500,42.7322222,-97.9225,379,0.7681542038917542
06467500,42.86608985,-97.3939586,354,5.166484355926514
06478500,43.1858255,-97.635622,358,0.4310184121131897
06478513,42.9958297,-97.3697806,354,1.1884489059448242
06482848,43.28664838,-96.5964308,376,0.45340868830680847
06483460,43.3352496,-95.7622382,445,1.2328004837036133
06483500,43.2150833,-96.2950278,376,1.1166208982467651
06484000,42.9963771,-96.4714192,361,1.0725586414337158
06485500,42.8375091,-96.5619306,346,1.4496945142745972
06486000,42.48619444,-96.4130833,333,3.899503469467163
06599950,42.6197153,-96.3725279,372,1.0222092866897583
06600000,42.5352222,-96.4104444,347,0.8701449632644653
06600100,42.98280556,-96.0003333,390,1.0890278816223145
06600300,42.92387695,-96.1769661,381,0.7980688214302063
06600500,42.57638889,-96.3115556,342,0.9037310481071472
06600900,42.14805556,-96.4833333,364,0.1799723207950592
06601000,42.32166667,-96.4877778,335,0.7306705713272095
06602020,42.22705556,-96.0778333,326,0.6465123891830444
06602400,41.96491667,-95.99175,316,0.35928046703338623
06606600,42.4822222,-95.7925278,340,0.2898236811161041
06606700,42.0810999,-96.0141788,319,0.8903853893280029
06607200,42.15677778,-95.8102778,336,1.9321733713150024
06607500,41.96502778,-95.97225,319,1.3331613540649414
06608000,41.7761111,-96.22,319,6.361109437179021e-15
06608500,41.8305833,-95.93225,322,0.6128548383712769
06609000,41.66444444,-96.2066667,315,0.6465123891830444
06609500,41.64169444,-95.7823333,312,1.8332990407943726
06610000,41.25905556,-95.92325,297,5.255660057067871
06610500,41.29221969,-95.8333445,323,1.0467817783355713
06610600,41.4433261,-95.6119503,330,1.1145180463790894
06610720,41.37888889,-96.1825,333,0.35325461626052856
06650500,42.65968997,-105.3699844,1449,4.492489814758301
06655000,42.32578535,-104.8764224,1358,5.372034549713135
06656000,42.28050857,-104.7547514,1325,6.95269250869751
06657000,42.2410095,-104.6280247,1299,5.0888875497432165e-14
06681500,41.82194444,-103.6183333,1177,0.4435260593891144
06764000,40.97499276,-102.2518517,1053,0.352903813123703
06772000,40.8522222,-98.4744444,582,0.7146478891372681
06772775,41.0908333,-98.0777778,526,0.4310184121131897
06772898,41.2972222,-97.7138889,476,2.5444437748716082e-14
06773500,41.328903,-97.6753296,472,0.8806724548339844
06774000,41.3683333,-97.4952778,452,0.5357455015182495
06775500,41.83091667,-100.0995278,795,0.4310184121131897
06775900,41.7786111,-100.5252778,853,0.767745316028595
06776500,41.8225,-100.1002778,798,1.2722218874358041e-14
06782500,41.0118611,-98.9141944,606,0.8619880676269531
06783500,41.03805556,-98.9927778,617,1.2459328174591064
06784000,41.0325,-98.7405556,588,0.5340091586112976
06784800,41.15694444,-98.5572222,574,1.0321464538574219
06785500,41.94166667,-99.8602778,754,1.723586082458496
06787000,41.947,-99.3860278,692,1.4147841930389404
06787500,41.81027778,-99.1830556,658,0.5380789041519165
06791500,41.71138889,-98.4469444,581,1.8636598587036133
06792000,41.39444444,-98.0038889,503,0.1786324679851532
06793500,41.7633333,-98.0865278,546,0.5378285050392151
06794000,41.4414021,-97.7347745,473,2.405839204788208
06794500,41.41666667,-97.3566667,436,0.4310184121131897
06794650,41.35194444,-97.4033333,445,0.5165815353393555
06795500,41.52596389,-97.2815972,440,0.44161656498908997
06797500,42.26844444,-98.3393611,560,0.7207348346710205
06798000,42.24138889,-98.3983333,576,0
06798500,42.125,-98.0311111,525,1.2305296659469604
06799000,42.00377778,-97.4260278,462,0.2155122607946396
06799100,42.1485,-97.4785278,475,2.2888193130493164
06799315,41.99527778,-97.0580556,427,0.614237368106842
06799350,41.8394441,-96.7275324,397,1.330705165863037
06799445,42.2769448,-96.8619862,417,0.4310184121131897
06799450,42.11388889,-96.7016667,399,0.5397161841392517
06799500,41.71277778,-96.5219444,371,0.7238859534263611
06800000,41.56116667,-96.5408333,373,0.6883775591850281
06800500,41.2933333,-96.2838889,340,1.4860421419143677
06803510,40.89305556,-96.6816667,344,1.421877384185791
06803520,40.85716667,-96.5951278,346,0.35541781783103943
06803530,41.0158333,-96.5441667,341,0.1779799610376358
06804000,41.1475,-96.5377778,342,0.2155122607946396
06804500,41.1622222,-96.5275,344,0.534676194190979
06804700,41.0536111,-96.3677778,324,0.5669183135032654
06805000,41.05166667,-96.3386111,322,4.6236114501953125
06806000,40.8847224,-95.7461135,297,1.655369758605957
06808500,40.87327778,-95.5814444,290,1.4131900072097778
06879900,41.10194444,-97.3105556,465,0.6068810820579529
06880000,40.9161111,-97.1455556,440,0.3556171953678131
06880500,40.90305556,-97.1116667,438,2.06123685836792
05411700,43.2491366,-92.3090624,355,0.4531435966491699
05416900,42.4699878,-91.4487147,278,3.7047221660614014
05417000,42.45609978,-91.4323704,275,1.4439994096755981
05418400,42.1643333,-90.7293333,211,3.3143086433410645
05418500,42.08335278,-90.6329167,197,2.225102424621582
05420560,43.2416088,-92.5330973,347,0.586783230304718
05420640,43.2416362,-92.4512885,353,1.9106279611587524
05420680,42.83609167,-92.2574,304,0.2155122607946396
05421000,42.46359796,-91.8951722,272,1.958101511001587
05421550,42.49748506,-91.728498,305,0.4310184121131897
05421740,42.0833611,-91.2673889,233,1.4656180143356323
05422000,41.7669722,-90.5348556,185,0.17928726971149445
05422470,41.55114444,-90.4551306,NA,NA
05422560,41.55669745,-90.6876409,205,0.35782721638679504
05422600,41.54611366,-90.5240022,186,0.5170506238937378
05449000,43.0094078,-93.6279895,362,0.5207722187042236
05449500,42.7599722,-93.6216389,353,6.361109437179021e-15
05451210,42.31530556,-93.1521944,295,3.136197805404663
05451500,42.06582096,-92.9076997,265,0.7890189290046692
05451700,42.008875,-92.8524194,263,0.4447457790374756
05451900,41.89943868,-92.474355,246,0.28717508912086487
05452000,41.9641611,-92.3132417,242,0.17963984608650208
05452200,41.8349969,-92.386297,244,0.17940829694271088
05452500,41.85905556,-92.2779167,234,0.6465123891830444
05453000,41.74944709,-92.1821267,234,0.2155122607946396
05453100,41.81272566,-92.064792,222,0.35873371362686157
05454000,41.70001667,-91.4876667,209,1.6131707429885864
05454220,41.71834444,-91.7401722,215,0.51747065782547
05454300,41.67668056,-91.5987778,200,0.6888537406921387
05454500,41.6566833,-91.541,194,3.330173969268799
05455000,41.6639057,-91.5135014,206,0.6114692687988281
05455100,41.60640556,-91.6157222,198,0.17900314927101135
05455200,41.6463901,-92.3965736,245,0.4423915445804596
05455500,41.4697387,-91.7146129,197,2.788930654525757
05457700,43.06219444,-92.6738833,301,2.6013457775115967
05458000,43.03327778,-92.5035444,302,5.104695796966553
05458300,42.7372222,-92.4700917,280,3.4816999435424805
05458500,42.64831667,-92.4651861,269,3.339824914932251
05458560,42.93635629,-93.2027021,322,0.4509754180908203
05458900,42.62942778,-92.5435222,267,0.35439953207969666
05459500,43.165,-93.1925,331,3.8206732273101807
05460500,42.96524895,-92.8710277,290,1.408836007118225
05462000,42.711925,-92.5829667,275,2.4307050704956055
05463000,42.572,-92.6182778,271,0.4310184121131897
05463500,42.40776389,-92.4632472,268,0.7680121064186096
05464000,42.49554444,-92.3343472,254,1.9076998233795166
05464220,42.25152778,-92.2988889,256,1.0620226860046387
05464500,41.97194549,-91.667123900000007,219,2.390733242034912
05464942,41.6695833,-91.3506389,217,0.8619880676269531
05470000,42.0665833,-93.62025,277,3.477656602859497
05470500,42.02255556,-93.6305,274,2.596754550933838
05471000,42.0082222,-93.5959722,268,0.7271547317504883
05471050,41.68180556,-93.2468333,240,0.35352370142936707
05471200,41.8057222,-93.3086944,251,0.5575171113014221
05471500,41.35570278,-92.6573556,213,7.111936805800651e-15
05472500,41.30084444,-92.2046222,202,0.4310184121131897
05473000,41.16055556,-91.7179444,182,0.3564503490924835
05473300,41.00946258,-92.1185105,207,0.7058396339416504
05473400,40.92530278,-91.6742167,179,2.3525550365448
05473450,41.0069727,-91.5515497,199,0.7162825465202332
05473500,41.0158606,-91.5804395,196,2.5998449325561523
05476750,42.71944444,-94.2202778,325,2.4815826416015625
05478000,43.2110738,-94.1779615,346,2.424654960632324
05479000,42.7236111,-94.19325,319,1.2408533096313477
05480000,42.5452503,-94.346635,338,9.835423469543457
05480500,42.5083333,-94.2033333,298,2.9680352210998535
05481000,42.4319722,-93.8059444,306,2.5802383422851562
05481300,42.25225,-93.9974667,278,1.7848663330078125
05481500,42.07720356,-93.9352292,271,5.6572418212890625
05481650,41.6803333,-93.6676111,245,1.5698853731155396
05481950,41.6883333,-93.7347222,249,0.7165551781654358
05482000,41.61194444,-93.6197222,245,0.35802188515663147
05482170,42.68886469,-94.798317,378,0.5815511345863342
05482300,42.35455556,-94.9910278,354,0.867653489112854
05482500,41.9878611,-94.3770833,300,3.1058740615844727
05483000,42.10748116,-94.3702461,323,0.2155122607946396
05483450,41.7790833,-94.493,322,0.7071946263313293
05484000,41.59041667,-94.1511667,276,2.412421226501465
05484500,41.53402778,-93.9497778,259,1.260137915611267
05484650,41.56166667,-93.7033333,251,4.430181980133057
05484800,41.5874722,-93.7033056,249,2.437108278274536
05484900,41.5815,-93.6426667,241,1.8920433521270752
05485500,41.5785833,-93.6056111,241,1.260237693786621
05485605,41.7173333,-93.5696111,265,1.223686695098877
05485640,41.61380556,-93.5455278,246,1.2219641208648682
05486000,41.458111100000004,-93.6549722,245,0.2155122607946396
05486490,41.4243611,-93.5873056,243,0.8670051693916321
05487470,41.33788889,-93.4864167,239,1.311376324235813e-14
05487800,41.02333249,-93.4657684,267,0.6062489748001099
05487980,41.24644444,-93.2901389,241,2.4704670906066895
05488200,41.30038889,-93.0449167,228,1.6546217203140259
05488500,41.2813611,-92.8608222,213,5.998963356018066
05489000,41.2191111,-92.9088333,215,1.1568158864974976
05489500,41.0108472,-92.4112917,192,2.0116639137268066
06195600,45.7383611,-110.4794694,1348,1.6614131927490234
06197500,45.5545333,-110.2005417,1511,7.705842018127441
06200000,45.8337944,-109.9387056,1237,1.2009464502334595
06204500,45.48659167,-109.4561306,1268,0.37330904603004456
06205000,45.53674167,-109.4220556,1205,1.0560390949249268
06211000,45.43785,-109.2533111,1297,0.7689452171325684
06211500,45.4221472,-109.2305306,1304,9.955584526062012
06605000,43.12766667,-95.2104444,403,1.1165114641189575
06605850,42.89630556,-95.243,381,3.3398516178131104
06807410,41.3901111,-95.3720556,334,0.3532641530036926
06809000,41.6735977,-94.8058156,390,1.4940258264541626
06809210,41.346,-95.0768611,342,0.608856737613678
06809500,41.00902778,-95.2413611,313,2.148010015487671
06811840,40.97999135,-95.1149871,343,2.4269495010375977
06903400,40.9519722,-93.259888900000007,285,1.2722218874358041e-14
05049000,45.82087626,-96.4902245,301,0.2155122607946396
05278500,44.93551759,-94.6752713,332,0.7037801146507263
05278930,44.763621,-94.091211,297,1.9388790130615234
05289985,45.4874332,-96.9584379,380,1.2565521001815796
05290000,45.6159585,-96.875549,315,0.47077709436416626
05291000,45.2833888,-96.5103877,313,4.591800212860107
05292704,45.18913155,-96.415332,311,3.655900478363037
05293000,45.22619686,-96.348488,294,1.194819688796997
05294000,45.2034288,-96.0195791,304,1.4280034303665161
05299750,44.736184,-96.419142,453,7.835317134857178
05300000,44.995275,-95.919633,293,0.5595533847808838
05304500,45.1085449,-95.79877,296,1.6684551239013672
05311000,44.932716,-95.733632,282,2.4095284938812256
05311400,44.563543,-95.996204,354,0.4310184121131897
05313500,44.71533,-95.543937,308,4.272767066955566
05313780,44.86968,-95.4833518,307,0.8202092051506042
05315000,44.430156,-95.82945,362,0.29928022623062134
05315200,44.4955143,-95.7969666,345,0.4621543884277344
05316500,44.523579,-95.171378,300,2.1369576454162598
05316570,44.583938,-95.047504,276,1.5832682847976685
05316900,44.122457,-95.2038833,371,1.2100632190704346
05317000,44.289217,-94.439427,246,0.5243180990219116
05317200,44.24661827,-94.3390394,242,1.0606802701950073
05318000,43.6305099,-93.7905038,347,0.6286426782608032
05319500,44.04621625,-94.1948741,282,7.831176280975342
05320000,44.09593967,-94.1096097,252,6.204282760620117
05320480,44.06533925,-94.026197,259,0.2974359393119812
05320500,44.11760477,-94.0502846,236,1.9375630617141724
05325000,44.17002549,-94.0023121,231,0.6336740255355835
05342000,44.8308333,-92.7330556,211,2.863258123397827
05344500,44.747085,-92.802152,206,2.809213638305664
05345000,44.66663318,-93.0549358,261,0.18489375710487366
05353800,44.257882,-93.231121,317,1.2688581943511963
05370000,44.85277778,-92.2383333,280,1.2722218874358041e-14
05457000,43.63757,-92.974797,357,3.020336866378784
05459000,43.4141246,-93.22075939,361,1.486534833908081
05476000,43.6207587,-94.9850199,398,1.180780291557312
05476500,43.39925,-94.846,382,0
06208500,45.46571389,-108.8441056,1051,0.4310184121131897
06214500,45.8001194,-108.4680306,942,0.4310184121131897
06216000,45.43467778,-108.5336528,1225,3.0285532474517822
06216500,45.7148944,-108.3142833,1007,0.5286234617233276
06216900,45.8196944,-108.2903333,957,0.7495531439781189
06287000,45.31690278,-107.9188889,963,1.9625170230865479
06287500,45.3269083,-107.7698278,993,1.7467581033706665
06288500,45.72937778,-107.5810389,879,0.830767810344696
06289000,45.0071111,-107.6154083,1320,0.8218665719032288
06290000,45.05626389,-107.3559,1195,0.5265870094299316
06290500,45.1771333,-107.39455,1098,3.8220672607421875
06291000,45.26796667,-107.3013833,1056,3.6826281547546387
06291500,45.12648056,-107.5998917,1276,1.9322715997695923
06293500,45.5673944,-107.4533944,933,0.47039157152175903
06294000,45.7356861,-107.5574694,884,0.187209814786911
06294600,45.79770556,-107.2616722,970,0.9148475527763367
06295100,45.24571667,-106.9679056,1256,1.0542387962341309
06295113,45.36116667,-106.9903556,1152,1.4907264709472656
06295250,45.76715,-106.5698583,916,1.6231567859649658
06299500,44.77242459,-107.2343027,1383,4.20330286026001
06305500,44.82150278,-106.9616083,1129,1.059921383857727
06306300,45.0091361,-106.8359444,1049,1.2834415435791016
06306950,45.1876861,-106.9155139,1211,6.142090797424316
06307600,45.29906389,-106.5081667,956,4.48289680480957
06307740,45.58838889,-106.2550556,892,1.5861488580703735
06313000,43.61941675,-106.577264,1405,6.687087059020996
06313700,44.21497995,-106.111968,1211,0.634101390838623
06314500,44.19381854,-106.7803922,1642,7.711572647094727
06315500,44.0579857,-106.8026136,1603,25.484617233276367
06318500,44.33275055,-106.7772735,1584,5.085456371307373
06323000,44.5354835,-106.8223419,1421,2.270587682723999
06323500,44.56187395,-106.5395551,1243,0.9126712679862976
06324000,44.8715977,-106.0828769,1069,1.6616135835647583
06324500,45.0571972,-105.8783778,1024,0.5265887975692749
06325500,45.3898444,-105.3053528,928,2.822300910949707
06333850,45.0645944,-104.5337222,1062,1.427380084991455
06334000,45.07613889,-104.4096,1029,2.458540201187134
06334100,45.1642972,-104.7562111,1091,0.4310184121131897
06334500,45.5481343,-103.9712386,948,1.4104652404785156
06334610,45.3870944,-104.4776861,1046,1.235902190208435
06354860,45.81443669,-100.1081745,507,1.411291241645813
06354882,45.7119422,-100.5593015,514,0.3743082582950592
06355500,45.80222,-102.3623795,705,4.330496311187744
06356000,45.5761079,-103.5443583,870,0.6105930805206299
06356500,45.6486883,-102.6433259,740,0.7717699408531189
06358000,45.6611078,-100.639303,489,3.320525884628296
06358500,45.52360529,-100.4737485,490,1.2722218874358041e-14
06359000,45.143597,-102.558772,747,1.9273850917816162
06359500,45.19775826,-102.1565472,685,0.37204915285110474
06360500,45.2558171,-100.8429214,511,1.116780400276184
06361000,45.3431222,-100.6133889,491,1.2722218874358041e-14
06406000,43.82804586,-103.1960211,1004,1.723586082458496
06425720,43.98438297,-105.3883998,1386,0.3557490110397339
06436190,44.54175655,-103.5719867,970,1.4989336729049683
06436198,44.617485,-103.4807452,870,0.878449022769928
06436700,44.8141527,-103.68992,880,3.304915428161621
06437500,44.4808495,-103.2759863,850,0.8619880676269531
06439000,44.74304495,-102.0534948,671,6.759482383728027
06440000,44.3730377,-100.3679114,434,2.083775758743286
06440200,43.9690175,-101.767229,686,0.1834592968225479
06441000,44.0672095,-101.1608623,568,1.7184996604919434
06441110,44.21053769,-100.7265279,490,1.2420945167541504
06441500,44.32664897,-100.3843003,440,0.5244274735450745
06442000,44.5627602,-99.9142868,494,1.063515543937683
06442500,43.9052407,-99.8761727,509,2.9637672901153564
06442718,44.077407,-99.3814387,444,2.081575632095337
06446500,43.69388346,-101.9326516,701,0.45629096031188965
06446700,43.53666558,-101.7985923,760,0.9109983444213867
06447000,43.7524949,-101.5248665,648,1.9388790130615234
06447230,43.75527266,-101.2279205,625,0.6465123891830444
06447450,43.71304839,-100.6850534,542,0.2155122607946396
06452000,43.74832745,-99.5564948,419,0.9866198301315308
06472000,45.24163936,-98.3914819,389,3.617809534072876
06473000,44.99830768,-98.480927,382,1.3976274728775024
06473500,45.05108586,-98.737601,404,0.4663642942905426
06473700,44.95914178,-98.5156502,384,1.3967297077178955
06474000,44.7349779,-98.5862077,399,1.1013468503952026
06474300,44.7644217,-98.7039874,403,0.2155122607946396
06475000,44.91053097,-98.4720386,380,1.1044049263000488
06476000,44.36359475,-98.199257,376,1.0517168045043945
06476500,44.15415518,-98.4353686,405,1.344560146331787
06477000,43.9738721,-98.070916,371,0.6318286061286926
06477150,43.7583153,-97.909242,379,2.647829055786133
06477500,43.77640219,-98.2456658,398,1.0664925575256348
06478000,43.65887165,-97.9192403,367,0.731320858001709
06478052,43.6423171,-97.9863526,393,1.6226472854614258
06478390,43.37130056,-97.6040191,374,6.781337738037109
06478540,43.79464436,-97.3690086,461,0.8619880676269531
06478690,43.41562216,-97.2051972,410,0.5584905743598938
06479159,45.3469048,-97.2520284,553,0.30407169461250305
06479215,45.18079549,-97.1861904,545,0.3719763159751892
06479438,45.0060753,-97.1650756,528,0.6417715549468994
06479515,44.9188536,-97.0456271,531,0.4310184121131897
06479640,44.63052099,-96.8908954,510,1.429845929145813
06479770,44.4675224,-96.8874204,494,0.1844785213470459
06479980,44.22388586,-96.7673024,482,2.8161721229553223
06480000,44.1802473,-96.749496,474,0.4310184121131897
06480400,44.1216644,-96.5891297,482,0.4310184121131897
06480650,44.06269306,-96.485626,478,0.18364886939525604
06481000,43.79044595,-96.7456623,446,0.18310122191905975
06481480,43.8481959,-96.8368313,475,1.0427207946777344
06481500,43.53358676,-96.7908849,433,2.0936570167541504
06482610,43.61636276,-96.5653227,399,0.805681049823761
06483000,43.653921,-96.20138,437,1.346677541732788
06483290,43.42313889,-96.1649167,406,2.5026819705963135
05051600,46.0221855,-97.511485,367,0.5603087544441223
05051650,45.8925147,-97.3619276,410,0.8916150331497192
05052000,46.17245926,-97.0106403,307,1.508244514465332
05052500,46.31134769,-96.7345217,286,1.7044605016708374
05053000,46.4705168,-96.7823018,283,2.316287040710449
05054000,46.861075,-96.7836924,267,0.845464289188385
05054500,47.7027775,-99.9490145,474,0.80100417137146
05055300,47.90777778,-99.4155556,437,0.3604204058647156
05056000,47.8055534,-98.7162172,420,0.9826719760894775
05056200,48.33667157,-98.6603958,454,NA
05056215,48.2663928,-98.6809499,447,0.7225340008735657
05056239,48.3205591,-98.9406851,444,0.2155122607946396
05056340,48.2433322,-99.3729125,455,0.53731536865234375
05057000,47.43277097,-98.0275954,392,0.4310184121131897
05057200,47.2291562,-98.1248189,409,11.056623458862305
05059500,46.8910784,-96.9070286,273,0.845867395401001
05059600,47.32498855,-97.7906537,398,2.365420341491699
05059700,46.6216388,-97.5739851,324,0.5677099823951721
05060000,46.8660826,-97.106477,277,0.18982096016407013
05060100,46.9052487,-97.052587,273,0.48136451840400696
05060500,47.0166413,-97.214254,290,0.4823128879070282
05061000,46.851975,-96.32912,341,1.9840011596679688
05061200,46.659857,-96.398873,317,0.3113498091697693
05061500,46.77566,-96.627747,279,0.8985040187835693
05062000,46.963238,-96.661716,272,1.142417550086975
05062200,47.29164638,-97.114253,276,2.310452461242676
05062500,47.26555556,-96.2475,310,0.9024947881698608
05063398,47.113291,-96.386064,295,0.2155122607946396
05064900,47.5947222,-97.7091667,360,1.0936954021453857
05065500,47.5377646,-97.453424,299,0.5743603110313416
05066500,47.40942385,-97.0611974,272,2.4837474822998047
05069000,47.61191807,-96.8147998,260,3.638289451599121
05076000,48.186179,-96.169948,342,0.4926479160785675
05076500,48.11107957,-96.1808698,337,0.578713595867157
05078000,47.923479,-96.046235,338,0.7709147930145264
05078230,47.843794,-95.85835,348,0.9188857674598694
05078500,47.88620556,-96.2765806,294,2.4100887775421143
05079000,47.7753946,-96.6100767,261,3.5641486644744873
05080000,47.8006388,-96.8095627,248,0.8024816513061523
05082500,47.9269234,-97.0292435,246,3.578803300857544
05083000,48.078595,-97.1845207,248,6.361109437179021e-15
05117500,48.2457899,-101.371361,475,0.5621429085731506
05119410,48.058342,-100.9504287,460,0.5783056616783142
06065500,46.76619167,-111.8887944,1098,9.948955535888672
06073000,47.2940472,-112.4487889,1392,7.934335231781006
06073500,47.199025,-112.0959056,1159,1.4220834970474243
06076690,46.7958,-111.1785556,1339,0.7137603163719177
06077500,47.18929167,-111.3862389,1072,1.9645220041275024
06081500,47.54550556,-112.4736833,1269,1.8917174339294434
06084500,47.4854,-112.387486,1242,0.9726809859275818
06085800,47.50162778,-111.9319139,1084,0.7654354572296143
06088300,47.6250222,-111.6354056,1052,1.2834391593933105
06088500,47.56126667,-111.5417694,1021,3.022742509841919
06089000,47.52577778,-111.511036,1018,3.2173616886138916
06090300,47.5844444,-111.0605806,865,12.34171199798584
06090500,47.2085944,-110.9317472,1210,7.347019672393799
06090650,47.70790556,-111.40915,1110,0.3601505756378174
06090800,47.8169111,-110.6661417,797,0
06098000,48.23500556,-112.3982167,1191,1.638906717300415
06102000,48.2631833,-110.7142222,829,8.982913970947266
06102500,47.8830833,-112.6119833,NA,NA
06108000,47.930325,-111.5529417,989,0.908113420009613
06108800,47.9327194,-110.5144333,783,3.314608573913574
06110000,46.8924111,-110.2314528,1458,3.228421449661255
06111500,47.0064611,-109.3493222,1263,1.7518061399459839
06114700,47.6651583,-109.6520139,762,0.9517650604248047
06115200,47.63143056,-108.6877444,685,0.36004865169525146
06115300,47.7547111,-108.7067611,905,2.866168260574341
06115500,46.6097861,-110.5766222,1653,7.145936489105225
06118500,46.45324167,-110.3822889,1497,0.3101728856563568
06120500,46.4288,-109.8411944,1274,0.6564280390739441
06122000,46.3961972,-109.7421444,1256,1.4228113889694214
06123030,46.31899167,-109.4605472,1152,0.2155122607946396
06129000,47.01252778,-108.1553417,838,3.9246346950531006
06129500,46.99363889,-108.3564444,899,0.19012799859046936
06130500,46.99469167,-107.8891639,762,0.19012945890426636
06130950,47.33944167,-106.3636222,713,0.38193318247795105
06131000,47.3494472,-106.3578167,713,1.068058967590332
06131200,47.5365944,-106.1534528,701,3.055391550064087
06132000,48.044425,-106.3562583,617,0.19273890554904938
06137400,48.1724444,-109.8260111,1169,1.445520043373108
06137570,48.2988333,-109.8354167,985,0.8949581980705261
06154400,48.2237333,-108.7140528,831,0.5372413992881775
06164623,47.99523889,-108.3200528,888,0.7709603309631348
06172310,48.30790556,-106.8223167,636,0.19341950118541718
06175000,48.13586667,-106.3422889,626,1.9203191995620728
06176500,48.09715556,-105.6802056,611,0.5786068439483643
06177000,48.067325,-105.5330972,597,0.4915655553340912
06177400,47.3498083,-105.5860278,772,4.7249884605407715
06177500,47.4139722,-105.5756444,737,0.5614224076271057
06177700,47.7076833,-105.4917528,725,0.5756360292434692
06181000,48.11791667,-105.1928167,594,1.4813612699508667
06185110,48.16448056,-104.6295194,580,0.5620707273483276
06185500,48.1235,-104.4733,577,1.2786649465560913
06193000,46.15260556,-110.5868194,1715,4.716938495635986
06193500,45.8857333,-110.6179583,1464,7.355696678161621
06194000,45.8666194,-110.6702306,1509,1.8904684782028198
06200500,46.15538056,-110.08705,1675,2.030268907546997
06201000,46.0614333,-109.8452417,1452,5.176353931427002
06217700,46.0734694,-108.5039972,1036,0.6465123891830444
06294700,46.14708056,-107.4673472,822,0.769855260848999
06295000,46.2666361,-106.6913028,765,0
06296003,46.26463056,-106.4752306,760,5.348620414733887
06296100,46.2912222,-106.1442222,756,5.8903422355651855
06308400,46.22835556,-105.6906083,758,1.7510156631469727
06309000,46.4207722,-105.8600333,713,0.1887722611427307
06326500,46.4294361,-105.3103306,730,0.47736889123916626
06326600,46.4205694,-104.7610222,793,0.2155122607946396
06327450,47.09420556,-104.7132667,632,1.9885088205337524
06327500,47.10588889,-104.7184306,627,3.0279200077056885
06329200,47.37225556,-104.4300028,608,0.19105005264282227
06329500,47.67741389,-104.1554111,575,1.6646432876586914
06329597,47.85085328,-103.7940907,609,0.3603430390357971
06331000,48.2844683,-103.5729718,571,0.7733898162841797
06332515,47.78717057,-102.7686286,603,9.767749786376953
06332523,47.94862396,-102.214893,576,0.7709304690361023
06332770,47.73778499,-102.1076687,566,1.3434786796569824
06335000,46.2747278,-103.9763192,839,2.8542685508728027
06335500,46.29777778,-103.9175,823,1.0800859928131104
06336000,46.9180722,-103.5303444,689,0.3591216206550598
06336500,46.9899222,-104.1837667,803,0.5328264832496643
06336600,47.16307028,-103.9927057,726,0.19053813815116882
06337000,47.59140556,-103.2526667,590,0.7707061171531677
06338490,47.5022218,-101.4309953,513,3.1596763134002686
06339100,47.2361259,-102.7699074,658,1.8998428583145142
06339490,47.10695265,-102.0518349,596,4.11713171005249
06339500,47.1543948,-102.0599856,567,0.19051621854305267
06340200,47.1347266,-101.6601589,603,1.6337302923202515
06340500,47.2852816,-101.6221093,527,0.7705184817314148
06341400,47.4583301,-100.9212544,553,0.9722066521644592
06341800,47.2741944,-100.7896389,539,1.7819429636001587
06342100,47.111106,-101.2518153,614,2.5468406677246094
06342450,46.91495565,-100.813828,518,0.5325690507888794
06343000,46.86556675,-102.9485116,746,2.05245304107666
06344600,47.0277231,-103.0533527,768,1.2928601503372192
06345000,46.8944521,-102.6240699,709,1.9737095832824707
06345500,46.74555556,-102.3083333,662,0.480010986328125
06347000,46.5452839,-101.6454228,597,1.7991933558779948e-14
06347500,46.69444606,-101.4673665,576,1.4589933156967163
06349000,46.8338827,-100.9745789,504,1.6120861768722534
06349500,46.79443787,-100.6573459,505,0.4310184121131897
06349600,46.80717809,-100.734102,505,1.2670730352401733
06350000,46.42667116,-102.5518303,745,1.6814334392547607
06351000,46.3583383,-102.0420978,690,1.1952176094055176
06351200,46.12689745,-101.3332835,572,1.1206703186035156
06351680,46.3222309,-102.996276,826,0.4310184121131897
06352000,46.15528136,-102.4757133,757,0.8361924886703491
06352500,46.0319492,-101.8323613,660,3.565110921859741
06353000,46.09166988,-101.333742,579,2.5444437748716082e-14
06353500,46.3230548,-101.0042996,523,0.18854495882987976
06354000,46.3761111,-100.9344444,512,0.8953381180763245
06354500,46.25749005,-100.2331695,518,0.3090662360191345
06354580,46.2685687,-100.2526914,516,0.9157260060310364
06355000,45.96083639,-103.119617,815,1.2372151613235474
06467600,47.64605556,-99.8295278,491,0.1917291283607483
06468170,47.5580525,-98.862885,447,0.7198740839958191
06468250,47.3997189,-98.7976057,439,0.19111670553684235
06469400,47.1674635,-98.9690423,460,0.35944053530693054
06469500,47.0663814,-98.918998,451,2.729201316833496
06470000,46.8897222,-98.6816667,421,0.189878448843956
06470800,46.22524359,-98.0717809,397,0.7796514630317688
06471200,45.93886156,-98.4526004,421,1.9676132202148438
