site_no,n_years
05047500,12
05048000,12
05048500,12
05049000,72
05050000,4
05051000,9
05051300,1
05051600,61
05051650,36
05051700,1
05052000,14
05052075,1
05052100,8
05052500,59
05053000,26
05053500,1
05054000,40
05054500,69
05055000,11
05055100,9
05055200,15
05055300,20
05055400,17
05055500,15
05055520,9
05056000,73
05056200,68
05056215,36
05056225,5
05056239,44
05056244,2
05056270,5
05056300,12
05056340,27
05056390,20
05056403,4
05056636,8
05056770,2
05057000,78
05057200,68
05058000,1
05058500,13
05058600,3
05058810,1
05058850,4
05059500,25
05059600,59
05059700,67
05060000,24
05060100,27
05060500,77
05060510,8
05060550,10
05060570,8
05061000,80
05061200,64
05061500,79
05062000,94
05062200,16
05062500,101
05063000,6
05063398,20
05063500,19
05064000,79
05064500,2
05064900,22
05065500,58
05066500,92
05067500,79
05069000,81
05076000,111
05076500,21
05077850,1
05078000,86
05078230,63
05078500,98
05079000,122
05080000,23
05082500,59
05082625,1
05083000,37
05083500,2
05083600,30
05084000,83
05084500,13
05085000,79
05085420,4
05085450,16
05085900,4
05117500,32
05119410,42
05120200,21
05120500,66
05278500,20
05278930,39
05289985,35
05290000,70
05291000,97
05292500,2
05292704,34
05293000,83
05294000,89
05299650,3
05299700,11
05299750,36
05299800,3
05300000,96
05301000,4
05304000,5
05304500,85
05305000,15
05311000,33
05311150,9
05311400,55
05313500,93
05313780,26
05314510,3
05315000,84
05315200,26
05316500,98
0531656290,1
05316570,51
05316580,22
05316770,17
05316900,24
05317000,95
05317200,44
05317500,14
05318000,34
05319500,56
05320000,3
05320270,15
05320480,49
05320500,78
05325000,120
05326189,2
05331580,26
05342000,26
05344490,15
05344500,95
05345000,52
05346000,1
05353800,51
05355038,11
05355080,5
05369900,7
05369945,14
05370000,44
05411700,29
05412340,5
05416900,22
05417000,50
05417700,19
05418110,3
05418400,25
05418450,16
05418500,107
05420560,33
05420640,31
05420680,28
05421000,89
05421500,11
05421550,29
05421682,6
05421740,22
05421760,8
05422000,86
05422420,4
05422450,5
05422470,29
05422560,21
05422600,28
05448150,7
05448500,10
05449000,45
05449500,80
05450400,4
05451080,18
05451200,7
05451210,27
05451250,7
05451350,7
05451450,7
05451500,106
05451700,73
05451770,12
05451800,6
05451900,73
05452000,78
05452200,72
05452500,30
05453000,75
05453100,68
05453520,7
05454000,83
05454090,16
05454220,28
05454300,69
05454500,60
05455000,54
05455010,17
05455100,65
05455200,29
05455500,80
05455700,10
05457000,83
05457500,11
05457505,6
05457700,68
05458000,70
05458300,24
05458500,101
05458560,16
05458900,76
05459000,40
05459500,89
05460400,6
05460500,23
05461390,4
05462000,69
05463000,78
05463050,12
05463500,65
05464000,83
05464130,14
05464133,14
05464137,17
05464220,25
05464315,15
05464420,15
05464475,5
05464500,119
05464640,16
05464695,7
05464730,8
05464780,11
0546494170,7
05464942,18
05470000,97
05470500,66
05471000,60
05471040,10
05471050,37
05471200,54
05471500,77
05472500,75
05473000,36
05473065,7
05473300,21
05473400,43
05473450,26
05473500,22
05474000,106
05475350,4
05476000,98
05476500,42
05476590,13
05476750,83
05478000,22
05478265,14
05479000,79
05480000,41
05480500,92
05480603,2
05480820,13
05480986,1
05481000,84
05481300,55
05481500,61
05481650,21
05481950,62
05482000,53
05482135,13
05482170,30
05482300,65
05482500,81
05483000,39
05483343,3
05483450,44
05483600,14
05484000,83
05484500,107
05484650,29
05484800,50
05484900,34
05485500,40
05485605,20
05485640,49
05486000,83
05486490,80
05487470,80
05487520,6
05487540,10
05487550,11
05487800,32
05487980,55
05488000,17
05488110,7
05488200,36
05488300,1
05488500,54
05489000,69
05489090,6
05489190,4
05489200,3
05489500,59
05490500,66
05491000,21
05494300,38
05494500,10
05496000,90
05497000,77
05497150,17
05497500,43
05498000,51
05498150,17
05498700,14
05500000,78
05500500,38
05502300,42
05502500,72
05503000,22
05503100,11
05503500,18
05506000,44
05506350,23
05506500,53
05506800,53
05507000,25
06053000,5
06065500,48
06066500,70
06073000,30
06073500,56
06074000,23
06074500,11
06075500,10
06076500,7
06076560,7
06076590,3
06076690,34
06077500,40
06078000,8
06078200,64
06078230,2
06078250,2
06078260,2
06078270,2
06080900,21
06081500,19
06082200,21
06082500,7
06083500,8
06084000,9
06084500,22
06085800,42
06086000,16
06087500,7
06088000,2
06088100,1
06088200,1
06088300,32
06088500,89
06089000,91
06090300,69
06090500,42
06090570,5
06090590,2
06090610,3
06090650,25
06090700,1
06090720,3
06090800,128
06094900,3
06095000,28
06096000,11
06096500,7
06097000,10
06098000,24
06100500,12
06101500,56
06101560,9
06102000,35
06102050,35
06102500,35
06103000,18
06106000,15
06106500,9
06107000,10
06108000,70
06108500,4
06108800,26
06109500,87
06109780,8
06110000,56
06110020,10
06111000,16
06111500,22
06111800,9
06112100,18
06114000,7
06114500,11
06114700,23
06115000,33
06115200,86
06115270,5
06115300,54
06115350,5
06115500,38
06116000,14
06117000,10
06118000,7
06118500,43
06119200,5
06119500,8
06119600,21
06120500,116
06121000,13
06121500,10
06122000,23
06122800,11
06123030,27
06123500,32
06125500,8
06125600,13
06125700,16
06126050,20
06126470,13
06126500,77
06127020,6
06127060,4
06127500,78
06127900,45
06128200,13
06129000,22
06129500,34
06130000,9
06130500,93
06130650,5
06130700,11
06130950,18
06131000,69
06131120,5
06131200,35
06132000,78
06137400,24
06137570,24
06137575,4
06154140,9
06154400,56
06154430,13
06154490,10
06164590,8
06164615,10
06164623,39
06164630,4
06164800,12
06165000,5
06172310,39
06174000,35
06174500,81
06175000,26
06175540,10
06176500,37
06177000,88
06177400,22
06177500,87
06177650,3
06177700,43
06177825,12
06181000,74
06185000,12
06185110,21
06185500,71
06192980,6
06193000,22
06193500,41
06194000,27
06195600,46
06197000,13
06197500,35
06198000,4
06198500,6
06199000,8
06200000,77
06200500,46
06201000,30
06202600,7
06204500,36
06204700,1
06205000,94
06207800,12
06208000,9
06208400,1
06208500,85
06208800,17
06211000,87
06211500,87
06212500,62
06213500,8
06214000,17
06214500,98
06215000,12
06216000,47
06216500,49
06216900,25
06217000,12
06217500,9
06217700,55
06217750,14
06217950,4
06286350,2
06287000,83
06287500,22
06287700,9
06287800,14
06288000,10
06288200,10
06288400,13
06288500,25
06288975,5
06288990,8
06289000,86
06289100,8
06289500,13
06289820,38
06289870,8
06290000,49
06290500,65
06291000,20
06291500,65
06292500,8
06293500,39
06294000,72
06294500,39
06294600,42
06294690,8
06294700,36
06294940,11
06294950,5
06294995,18
06295000,50
06295100,34
06295113,43
06295220,9
06295250,33
06295500,6
06295900,1
06296000,17
06296003,34
06296100,49
06298500,23
06299500,61
06299900,12
06299980,15
06300000,5
06302200,1
06305500,26
06306100,10
06306300,64
06306500,11
06306950,31
06307500,84
06307525,4
06307528,6
06307560,5
06307600,34
06307616,44
06307662,3
06307717,4
06307740,34
06307800,6
06307830,29
06307990,7
06308400,27
06308500,82
06309000,97
06309075,10
06313000,28
06313180,19
06313400,17
06313500,44
06313590,11
06313700,31
06314500,24
06315500,31
06316500,18
06317000,103
06317020,17
06318500,66
06320000,9
06320200,2
06323000,39
06323500,27
06324000,29
06324500,93
06324710,17
06324890,6
06324925,2
06324970,48
06325500,25
06326300,12
06326500,86
06326555,7
06326600,31
06326850,3
06326952,4
06327450,33
06327500,33
06328200,5
06329200,21
06329500,111
06329597,24
06330000,8
06331000,70
06331500,15
06331570,4
06331680,9
06331850,5
06332500,4
06332515,57
06332520,17
06332523,30
06332770,29
06333850,23
06334000,53
06334100,47
06334500,69
06334610,27
06334630,15
06335000,41
06335500,85
06335750,16
06336000,74
06336447,7
06336500,38
06336510,5
06336515,5
06336545,4
06336600,47
06337000,89
06337200,3
06339100,57
06339180,3
06339200,1
06339300,11
06339490,28
06339500,101
06339550,6
06339560,16
06339800,4
06339900,4
06339960,2
06340000,79
06340010,15
06340200,30
06340500,91
06340520,8
06340524,5
06340528,10
06340536,4
06340540,6
06340580,4
06340590,4
06340780,6
06340890,3
06340905,11
06340930,5
06341400,20
06341410,17
06341800,45
06342040,4
06342050,16
06342100,13
06342200,5
06342230,5
06342260,2
06342450,56
06342500,8
06342850,3
06342900,5
06342970,3
06343000,72
06344500,10
06344600,60
06344610,3
06345000,31
06345500,27
06346500,6
06347000,53
06347100,6
06347500,62
06348000,2
06348500,15
06349000,19
06349215,16
06349500,78
06349580,12
06349590,12
06349600,23
06349900,3
06349930,8
06350000,73
06351000,39
06351200,24
06351500,3
06351680,30
06352000,75
06352300,4
06352400,4
06352500,34
06353000,64
06353500,23
06354000,108
06354050,2
06354480,15
06354500,40
06354580,35
06354815,14
06354825,2
06354860,30
06354881,7
06354882,32
06354890,2
06354980,1
06355000,29
06355310,12
06355500,21
06356000,36
06356500,72
06357500,7
06357800,1
06358000,24
06358500,24
06359000,25
06359500,79
06360000,15
06360500,67
06361000,30
06364300,2
06364700,4
06365300,7
06365900,19
06375600,14
06376300,17
06378300,3
06386500,43
06394000,54
06394500,6
06395000,80
06400000,74
06400500,36
06400870,2
06400875,40
06401500,4
06402500,78
06404500,4
06406000,70
06406500,36
06408500,50
06422000,3
06423050,4
06423075,4
06423080,5
06423090,4
06423100,3
06423120,4
06423500,16
06425100,40
06425500,71
06425720,23
06425750,1
06425780,7
06425900,6
06425950,6
06426000,8
06426100,4
06426130,17
06426160,17
06426400,2
06426500,70
06428500,5
06433000,68
06433500,43
06436190,40
06436198,40
06436500,8
06436700,20
06436760,31
06436800,18
06437500,51
06439000,64
06439430,16
06440000,21
06440200,35
06440500,6
06441000,77
06441110,32
06441400,1
06441500,92
06442000,43
06442130,9
06442500,65
06442600,10
06442718,37
06442900,20
06442950,11
06443000,9
06444000,62
06445000,13
06445500,14
06445590,10
06445685,37
06445700,18
06445980,52
06446000,80
06446100,31
06446200,9
06446500,34
06446700,30
06447000,80
06447230,30
06447450,20
06447500,64
06448000,40
06449100,62
06449250,15
06449300,18
06449400,21
06449500,81
06450500,76
06452000,93
06452320,36
06453000,6
06453255,41
06453400,13
06453500,46
06453550,4
06453600,67
06454000,37
06454100,35
06454500,48
06455900,12
06457500,4
06458500,6
06459175,12
06459200,20
06459500,15
06460900,17
06461300,7
06462500,43
06463080,12
06463500,74
06463720,6
06464000,6
06464100,42
06464500,79
06464900,36
06465200,11
06465310,13
06465440,14
06465680,13
06465700,15
06466400,20
06466470,8
06466500,67
06467500,22
06467600,40
06467900,14
06468000,14
06468170,55
06468250,38
06468300,3
06468500,11
06469400,50
06469500,29
06470000,19
06470500,4
06470800,48
06470833,11
06471200,64
06471500,79
06471550,6
06471800,24
06472000,49
06472500,17
06473000,76
06473500,22
06473700,24
06473750,18
06474000,54
06474300,27
06474500,27
06475000,74
06475500,15
06476000,84
06476500,48
06477000,74
06477150,45
06477500,69
06478000,38
06478052,45
06478053,2
06478320,2
06478390,49
06478420,2
06478500,94
06478513,38
06478514,2
06478518,15
06478522,10
06478535,8
06478540,48
06478600,29
06478690,63
06479000,77
06479010,41
06479136,2
06479142,2
06479159,24
06479167,2
06479215,39
06479430,5
06479438,50
06479450,6
06479500,52
06479515,40
06479520,30
06479525,48
06479529,17
06479640,51
06479770,23
06479910,10
06479928,10
06479980,43
06480000,71
06480400,28
06480650,43
06481000,76
06481480,27
06481489,3
06481500,72
06482610,53
06482848,42
06483000,53
06483240,15
06483270,15
06483290,26
06483460,27
06483500,75
06483950,10
06484000,21
06485500,95
06485696,12
06485910,10
06485950,10
06486000,17
06599900,7
06599950,50
06600000,60
06600100,69
06600300,61
06600500,88
06600900,49
06601000,78
06602020,77
06602400,81
06603000,15
06603500,11
06604440,6
06605000,48
06605100,8
06605600,16
06605850,53
06606600,98
06606700,30
06607000,19
06607200,81
06607500,65
06608000,38
06608500,82
06609000,25
06609200,5
06609500,92
06609590,6
06609600,3
06610000,24
06610500,21
06610520,15
06610600,38
06610720,19
06610732,19
06610750,13
06610765,20
06610770,20
06610785,18
06610788,18
06610793,19
06610795,20
06644500,13
06646500,40
06646600,32
06646780,4
06648000,9
06650500,44
06652000,2
06653300,15
06653500,55
06655000,24
06656000,5
06657000,21
06664400,1
06664490,4
06664900,1
06667060,1
06670500,1
06675850,1
06676900,1
06677500,66
06679000,31
06679500,8
06681500,58
06682000,1
06684500,9
06687000,61
06691000,2
06692000,58
06693000,14
06708600,15
06708690,10
06708750,4
06708800,25
06709000,39
06709500,43
06709530,41
06709740,36
06709910,35
06710000,32
06710150,21
06711040,10
06711500,79
06711515,35
06711545,1
06711555,37
06711570,36
06711575,38
06711618,36
06711770,37
06711780,37
06712000,85
06712500,30
06713500,1
06714000,76
06714360,11
06719526,2
06719560,42
06719840,35
06719845,6
06720000,57
06720330,2
06720415,3
06720417,1
06720460,14
06724970,11
06725000,18
06725450,35
06730400,8
06730500,71
06730525,11
06731000,73
06739500,10
06744000,1
06753400,2
06753500,6
06753600,3
06753990,7
06755800,2
06755840,3
06755860,3
06755880,4
06755960,25
06758000,1
06758200,10
06759000,7
06759100,10
06759500,1
06762500,74
06763500,27
06765500,1
06767500,35
06768020,28
06768500,21
06769000,38
06769500,12
06769525,28
06770175,2
06770195,4
06770240,3
06770255,2
06770478,4
06771000,34
06771500,27
06772000,39
06772100,1
06772775,25
06772898,25
06773000,5
06773050,4
06773500,29
06774000,13
06775000,6
06775500,78
06775900,55
06776500,46
06777000,9
06777495,6
06777500,15
06778000,19
06779000,53
06779500,8
06780000,17
06781600,15
06781900,8
06782000,8
06782500,26
06783000,9
06783500,48
06784000,80
06784300,11
06784500,8
06784800,21
06785000,95
06785500,20
06786000,84
06786500,8
06787000,19
06787500,42
06788500,45
06788988,14
06789000,33
06789500,11
06790500,97
06791500,45
06791750,6
06791800,7
06792000,56
06793000,12
06793500,23
06794000,84
06794500,23
06794650,26
06795000,19
06795500,75
06796973,11
06796978,11
06797500,76
06798000,34
06798300,19
06798500,60
06798800,6
06799000,91
06799080,18
06799100,64
06799230,15
06799315,23
06799350,64
06799385,14
06799445,22
06799450,28
06799460,7
06799500,84
06800000,73
06800500,104
06801180,2
06801300,5
06801400,6
06801500,8
06802500,8
06803000,15
06803300,5
06803400,4
06803450,5
06803500,18
06803510,53
06803520,52
06803530,51
06803555,16
06803920,2
06803935,2
06804000,69
06804500,28
06804700,30
06804900,18
06805000,21
06805600,2
06805850,3
06806000,24
06806500,73
06807000,23
06807320,5
06807410,61
06808000,17
06808200,9
06808500,74
06808820,6
06809000,22
06809210,61
06809500,96
06809900,6
06810000,94
06810500,20
06811500,69
06811840,37
06812000,7
06812500,7
06813000,82
06813500,3
06814000,72
06814500,58
06815000,77
06815300,3
06815500,20
06815555,2
06815575,5
06815600,8
06816000,25
06817000,92
06817300,6
06817500,68
06817700,38
06818000,100
06818200,11
06818750,46
06818900,33
06819180,2
06819185,37
06819190,20
06819500,77
06820000,29
06820410,15
06820500,92
06821000,26
06821065,1
06821080,23
06821150,53
06821190,42
06821250,7
06821280,5
06821300,9
06821360,1
06821500,91
06822000,17
06823000,86
06823500,79
06824000,8
06824500,63
06825000,27
06825500,26
06826500,2
06827000,2
06827500,24
06828000,16
06828500,8
06829500,5
06830000,20
06830500,7
06831000,21
06831500,53
06833500,21
06834000,3
06834500,9
06835000,44
06835500,20
06836000,41
06836500,77
06837000,3
06837300,34
06837500,12
06838000,22
06839000,25
06839500,27
06840000,34
06840500,20
06841000,45
06841500,25
06843000,12
06843500,5
06844000,38
06844210,16
06844500,3
06844700,16
06844800,29
06844900,48
06845000,41
06845110,27
06845200,35
06846000,51
06846300,6
06846500,74
06847000,67
06847500,78
06847900,61
06848000,20
06848500,22
06850000,34
06850200,25
06850500,23
06851000,37
06851500,38
06852000,38
06853000,3
06853020,1
06853100,39
06853500,33
06853800,65
06854000,11
06854500,32
06855800,28
06855850,11
06855900,17
06856000,14
06856600,35
06857000,19
06858000,5
06858500,32
06859500,31
06860000,81
06860300,10
06860500,33
06860900,9
06861000,75
06863300,12
06863420,12
06863500,76
06863900,25
06863990,2
06864000,11
06864500,40
06865500,5
06866000,16
06866500,10
06866900,17
06867000,68
06867500,28
06868000,33
06868400,30
06868500,8
06868700,13
06868850,12
06869500,42
06869950,56
06870300,48
06871000,68
06871500,70
06871800,22
06871900,15
06872300,10
06872500,9
06873000,75
06873500,27
06873700,16
06874000,9
06874500,34
06875800,18
06876000,45
06876200,20
06876700,61
06876900,42
06877000,18
06877500,23
06877600,12
06878000,67
06878500,17
06878600,12
06879200,26
06879500,31
06879650,42
06879810,13
06879900,30
06880000,39
06880500,39
06880800,64
06881000,76
06881200,34
06881380,18
06881450,36
06881500,88
06882000,99
06882510,39
06882900,7
06883000,68
06883530,8
06883570,32
06883940,14
06884000,98
06884025,47
06884200,62
06884400,61
06884500,32
06884900,18
06885000,4
06885500,67
06886000,39
06886500,39
06886850,4
06887000,6
06887500,34
06888000,63
06888030,14
06888300,35
06888500,66
06888925,3
06889000,44
06889100,22
06889120,22
06889140,31
06889160,52
06889170,6
06889180,17
06889200,61
06889500,87
06889580,4
06889610,4
06889630,47
06889635,2
06889640,2
06889690,2
06889700,5
06890100,48
06890400,4
06890500,43
06890600,13
06891000,32
06891260,20
06891483,4
06891486,5
06891488,5
06891490,5
06891500,40
06891810,9
06891850,10
06892000,82
06892360,20
06892440,5
06892460,4
06892495,11
06892500,28
06892513,21
06893000,94
06893080,50
06893100,18
06893150,19
06893300,50
06893350,25
06893390,19
06893400,10
06893500,76
06893557,25
06893560,9
06893562,17
06893578,21
06893590,6
06893600,9
06893620,19
06893670,7
06893750,4
06893790,6
06893793,16
06893820,9
06893830,11
06893890,37
06893910,4
06893940,1
06893970,10
06894000,71
06894200,16
06894500,17
06894650,9
06894680,9
06894740,2
06894760,2
06895000,40
06895500,92
06896000,51
06896400,25
06896500,15
06896900,8
06897000,63
06897500,94
06897950,53
06898000,89
06898100,15
06898400,29
06898500,36
06899000,41
06899500,89
06899700,31
06899900,11
06900000,61
06900050,21
06900640,7
06900800,4
06901000,8
06901205,10
06901250,5
06901500,67
06902000,90
06902500,15
06902995,8
06903000,10
06903400,53
06903500,10
06903700,52
06903900,12
06903990,20
06904000,21
06904050,1
06904500,44
06904650,5
06905000,15
06905500,38
06906000,42
06906150,26
06906200,5
06906300,41
06906470,1
06906500,22
06907055,1
06907500,23
06907700,27
06908500,19
06910410,17
06910800,51
06911000,29
06911490,23
06911500,54
06911900,60
06912500,21
06913000,13
06913500,48
06914000,60
06914100,15
06914500,30
06914950,29
06914960,3
06914990,28
06915000,23
06916000,29
06916500,20
06916600,4
06916675,4
06917000,68
06917060,20
06917240,23
06917380,32
06917500,54
06917560,16
06917630,20
06917680,6
06918060,17
06918065,2
06918070,20
06918250,8
06921590,30
06921600,17
06921720,33
06921740,15
06921760,19
06922000,48
06935000,15
07096000,20
07096500,32
07099060,31
07099085,7
07099100,11
07099230,36
07099238,15
07099500,14
07099970,36
07103700,66
07103703,32
07103950,10
07103960,20
07103965,6
07103970,28
07103977,11
07103980,33
07103985,12
07103987,7
07103990,39
07104000,59
07104500,26
07104905,22
07105500,49
07105530,35
07105600,22
07105800,59
07105900,50
07105940,23
07105950,18
07105960,8
07106000,57
07106200,2
07106300,52
07106500,84
07106510,2
07107500,17
07108050,6
07108500,13
07108800,7
07108900,46
07109000,5
07110400,2
07110500,7
07113500,6
07116000,28
07116500,49
07117000,1
07117600,5
07118500,6
07119000,6
07119500,88
07120620,27
07121000,16
07121500,60
07122400,27
07123500,7
07123675,12
07124500,67
07125000,14
07125100,14
07125500,14
07126000,24
07126100,15
07126140,24
07126200,55
07126300,58
07126320,3
07126325,34
07126390,27
07126415,30
07126470,15
07126480,30
07126485,40
07126500,69
07128000,23
07128500,82
07129500,10
07131000,5
07133050,3
07134000,9
07134100,42
07134990,26
07135000,9
07137500,1
07138000,24
07138650,18
07139000,23
07139500,5
07139700,43
07139800,18
07140300,29
07140500,16
07140700,18
07140850,39
07140880,14
07141175,16
07141200,78
07141220,9
07141300,2
07141600,20
07141770,14
07141780,50
07141800,29
07141900,59
07142015,3
07142019,2
07142300,59
07142575,49
07142680,16
07142800,19
07142860,20
07142900,31
07143200,17
07143300,75
07143350,1
07143400,13
07143600,23
07143665,37
07143672,27
07144000,13
07144050,10
07144100,27
07144200,92
07144201,21
07144300,110
07144301,19
07144325,27
07144330,30
07144340,2
07144400,6
07144480,21
07144485,6
07144486,17
07144490,13
07144550,49
07144570,9
07144601,3
07144660,4
07144680,3
07144730,4
07144780,51
07144800,12
07144850,16
07144910,6
07145200,64
07145500,24
07145600,10
07145700,55
07146500,44
07146570,17
07146800,15
07146995,1
07147070,53
07147600,5
07147800,55
07148111,10
07148350,30
07148400,52
07149000,66
07149500,9
07149520,8
07150500,4
07151000,78
07151500,54
07152000,72
07152500,44
07153000,72
07153100,18
07153500,30
07154500,72
07155000,14
07155590,41
07155900,22
07156000,19
07156010,14
07156100,11
07156220,28
07156225,1
07156600,30
07156900,54
07157000,22
07157500,77
07157580,6
07157740,13
07157900,23
07157940,13
07157950,51
07157960,25
07158000,76
07158400,11
07158500,24
07159000,21
07159100,46
07159200,15
07159500,7
07159720,7
07159750,28
07160000,69
07160300,3
07160350,24
07160500,57
07161000,57
07161450,33
07163000,54
07163500,11
07164000,21
07164500,36
07164600,32
07165500,8
07165550,13
07165562,31
07165565,35
07165570,48
07165700,20
07165750,19
07166000,19
07166500,21
07167000,26
07167500,63
07168500,10
07169500,12
07169800,53
07170000,29
07170500,28
07170700,16
07171000,38
07171400,1
07171500,7
07171600,10
07172000,80
07173000,13
07173300,10
07174000,13
07174200,17
07174400,36
07174600,28
07174700,17
07175000,13
07175500,37
07176000,22
07176321,6
07176465,1
07176500,69
07176800,10
07176950,10
07177000,31
07177500,75
07177600,4
07177650,31
07177700,3
07177800,28
07178000,38
07178035,2
07178040,9
07178200,32
07178520,7
07178600,19
07179300,11
07179500,27
07179600,12
07179700,11
07179730,1
07179785,9
07180000,28
07180400,6
07180500,75
07181000,10
07181500,34
07182200,11
07182250,4
07182280,1
07182400,55
07182510,2
07183000,47
07183100,11
07183500,34
07184000,63
07184070,2
07184220,2
07184240,1
07184300,4
07184500,41
07185000,72
07185030,8
07185090,18
07185095,26
07185100,2
07186010,2
07186040,4
07186050,2
07186055,3
07189700,22
07189710,4
07190600,12
07191000,74
07192000,20
07192500,13
07194500,31
07198500,6
07199000,40
07202000,10
07203525,10
07208500,99
07211000,73
07211500,83
07214000,28
07216500,93
07218000,90
07218100,8
07220000,16
07220600,7
07221000,75
07221500,84
07222000,11
07222500,57
07224500,3
07225500,12
07226500,75
07227100,59
07227200,46
07227420,1
07227470,8
07227500,1
07227890,11
07227920,15
07228000,22
07228500,31
07229000,6
07229100,12
07229200,5
07229300,34
07229427,2
07230000,11
07230500,20
07230800,6
07231000,30
07232250,8
07232470,2
07232500,52
07232900,20
07233000,25
07233500,50
07233650,17
07234000,81
07234100,26
07234500,12
07235000,4
07235600,12
07236000,30
07237000,5
07237500,42
07237800,14
07238000,35
07239000,8
07239200,4
07239300,36
07239500,47
07241500,16
07241550,6
07241780,8
07241800,23
07242000,76
07242100,5
07242350,22
07242380,9
07242500,8
07243000,34
07243500,73
07244000,16
07244100,8
07295400,4
07295500,38
07297910,54
07298000,28
07298200,8
07298500,29
07299000,1
07299200,16
07299300,14
07299500,10
07299512,8
07299514,3
07299530,6
07299540,14
07299570,18
07299670,56
07299850,5
07299890,22
07300000,14
07300500,81
07300530,7
07300580,7
07301110,39
07301300,55
07301410,55
07301420,37
07301500,71
07302000,13
07303000,3
07303400,44
07303500,24
07304500,37
07305000,39
07305500,22
07306500,6
07307500,14
07307600,6
07307750,6
07307760,3
07307800,41
07308000,23
07308200,54
07308500,56
07309435,7
07310000,4
07310500,5
07311000,19
07311200,35
07311230,2
07311240,5
07311500,63
07311600,34
07311622,6
07311630,14
07311648,5
07311700,58
07311780,5
07311783,23
07311790,9
07311800,55
07311900,41
07312300,6
07312500,3
07313000,14
07313600,15
07314500,13
07315200,55
07315510,6
07315525,6
07315700,56
07315900,4
07316000,78
07316200,6
07316500,77
07317500,19
07318000,16
07318500,12
07319000,17
07320000,18
07320500,14
07321000,16
07321500,11
07322000,17
07324000,15
07324200,17
07324400,2
07324500,6
07325000,22
07325500,49
07325800,49
07325840,17
07325850,25
07325860,24
07326000,18
07326500,60
07327000,19
07327050,2
07327420,12
07327440,13
073274406,14
073274408,8
07327442,27
07327445,1
073274458,8
07327447,28
07327483,7
07327490,21
07327500,11
07327550,29
07328000,13
07328070,21
07328100,19
07328180,29
07328500,39
07328550,1
07329000,22
07329500,23
07329700,22
07329780,19
073298507,9
07329852,31
07329900,11
07330500,14
07330700,2
07331000,47
07331185,4
07331200,14
07331205,5
07331293,5
07331295,10
07331383,10
07332305,2
07332307,5
07332348,5
07332390,19
07332400,19
07332600,20
07332605,5
07342465,21
07342470,15
07342480,27
07342500,42
07343000,64
07382500,67
07386000,16
07386500,23
07386880,49
07386956,1
07386980,30
08010000,71
08010050,1
08010120,1
08010500,10
08011000,4
08012000,72
08012150,32
08012285,6
08012300,13
08012470,28
08017250,4
08042000,26
08042500,22
08042550,6
08042558,9
08042700,14
08042800,15
08042900,2
08042950,6
08043500,21
08044000,15
08044135,2
08044140,2
08044800,27
08045500,9
08046000,7
08047000,5
08047050,21
08047500,27
08048520,9
08048530,7
08048540,6
08048600,9
08048800,19
08048850,9
08048890,2
08048922,2
08048970,28
08048980,3
08049000,3
08049500,5
08049550,11
08049553,1
08049565,5
08049569,1
0804956950,7
08049580,32
08049700,54
08050000,8
08050350,6
08050400,31
08050500,5
08050800,33
08050840,27
08051000,30
08051500,26
08052000,3
08052700,7
08053000,5
08053010,2
08053025,3
08053030,2
08053090,9
08053500,13
08054000,19
08055000,5
08055500,29
08055700,16
08056500,22
08057000,9
08057100,16
08057200,16
08057430,12
08057445,28
08057450,9
08059500,3
08061500,28
08061540,50
08061548,6
08061700,29
08061950,9
08062000,4
08062095,3
08062900,7
08063048,15
08063100,2
08063200,4
08063500,21
08064500,20
08067500,43
08067525,13
08067690,6
08067700,3
08068720,43
08068740,40
08068780,31
08068800,31
08068900,32
08069000,69
08072300,39
08072520,3
08072680,7
08072700,10
08072730,37
08072760,40
08074020,34
08074150,52
08074250,49
08074500,77
08074540,19
08074760,25
08074780,14
08074800,53
08074810,43
08074900,7
08075000,72
08075400,53
08075605,14
08075650,15
08075730,43
08075760,18
08075763,14
08075770,51
08075780,47
08075900,52
08076000,61
08076500,64
08076997,15
08077000,40
08077540,3
08077600,19
08078000,62
08079000,22
08079500,8
08079575,9
08079600,56
08080000,1
08080500,57
08080540,11
08080700,55
08080918,12
08080950,2
08081200,23
08081500,18
08082000,23
08082100,17
08082180,18
08082450,3
08082500,35
08082700,53
08083000,2
08083100,58
08083230,17
08083235,4
08083240,25
08083245,19
08083400,14
08083420,30
08084000,6
08084800,54
08085000,2
08085500,14
08086000,5
08086015,3
08086050,32
08086100,11
08086150,24
08086200,2
08086210,2
08086212,52
08086235,2
08086240,1
08086260,7
08086290,54
08086500,7
08087300,25
08088000,20
08088100,16
08088200,2
08088300,26
08088430,2
08088450,21
08088470,4
08089000,15
08090500,11
08090830,2
08091000,15
08091500,30
08091750,4
08092000,16
08093100,2
08093250,10
08093360,2
08093400,11
08093500,39
08093700,6
08094000,20
08094500,1
08094800,1
08095000,37
08095200,7
08095300,54
08095400,16
08095500,5
08095600,8
08096500,34
08096580,4
08096800,13
08098000,2
08098300,37
08099300,17
08099382,8
08099500,13
08100000,7
08100500,3
08101000,63
08101500,2
08102500,26
08102595,6
08102850,3
08103800,11
08103900,55
08103940,7
08104000,40
08104100,4
08104300,8
08104500,4
0810464660,14
08104700,9
08104900,46
08105000,33
08105095,16
08105100,30
08105400,16
08105505,13
08105700,13
08105886,13
08106050,7
08106500,30
08107000,2
08107500,2
08107950,11
08108000,1
08108200,9
08108250,15
08114000,18
08115000,62
08115500,5
08116000,2
08116400,29
08116500,3
08117370,6
08117500,57
08117800,3
08117855,3
08117900,5
08117995,32
08118500,6
08119000,17
08119500,4
08120500,54
08121000,7
08121500,8
08122000,4
08122500,3
08123500,11
08123800,58
08124000,17
08126380,50
08127000,43
08128000,82
08128400,50
08128500,26
08129300,52
08130500,53
08131000,27
08131190,1
08131400,40
08132450,8
08133500,61
08133900,6
08134000,83
08134230,8
08134250,19
08135000,17
08136000,14
08136500,13
08136700,1
08137000,15
08137500,8
08138000,7
08139500,1
08140000,17
08142000,5
08143500,7
08144500,65
08144600,26
08145000,21
08146000,35
08147000,13
08148500,70
08149900,10
08150000,37
08150700,46
08150800,48
08151000,11
08151500,73
08152000,46
08152900,32
08153000,9
08153500,68
08154000,14
08154700,36
08155200,35
08155240,30
08155260,1
08155300,40
08155400,21
08155541,12
08156675,16
08156700,10
08156800,42
08156910,17
08157000,20
08157500,24
08157540,6
08157560,7
08157600,2
08157700,5
08158000,32
08158030,17
08158035,16
08158045,15
08158050,19
08158100,6
08158200,25
08158380,21
08158600,50
08158700,34
08158800,8
08158810,38
08158813,7
08158819,6
08158827,16
08158840,39
08158860,22
08158880,6
08158920,28
08158922,9
08158927,13
08158930,29
08158970,24
08159000,46
08159105,5
08159110,4
08159150,16
08159250,5
08162000,5
08162500,1
08162600,43
08163500,59
08164000,71
08164390,22
08164450,36
08164500,37
08164503,39
08164504,25
08164600,45
08164800,44
08165300,47
08165500,49
08166000,61
08166140,24
08166200,1
08166500,7
08167000,69
08167200,4
08167347,8
08167350,8
08167353,7
08167500,83
08167600,11
08167800,3
08168500,30
08168797,15
08168932,4
08169000,31
08169500,13
08170500,21
08170890,8
08170950,8
08171000,79
08171290,8
08171300,54
08171350,7
08171400,9
08172400,3
08172500,5
08174700,1
08175000,56
08176500,2
08177600,10
08177700,44
08178000,9
08178300,8
08178500,12
08178504,2
08178565,1
08178585,3
08178593,9
08178600,7
08178640,11
08178690,12
08178700,11
08178736,8
08178800,11
0817887350,5
08178880,35
08178980,6
08179000,36
08179100,20
08179110,4
08180586,11
08180750,9
08180942,6
08181000,8
08181200,7
08181400,46
08181410,1
08181435,7
08181450,11
08181480,30
08183890,7
08183900,15
08183978,10
08184000,14
08184050,9
08184500,2
08185000,25
08185065,13
08188570,16
08189200,44
08189500,68
08189700,51
08189800,18
0818999010,8
08189998,7
08190000,80
08190500,64
08191500,10
08192000,75
08192500,8
08193000,8
08194000,20
08194200,52
08194500,5
08194600,9
08195000,82
08196000,61
08196300,14
08197500,56
08197936,7
08198000,67
08198500,57
08199700,4
08200000,62
08200500,10
08200700,36
08200720,12
08200977,15
08201500,56
08202000,9
08202450,2
08202500,10
08202700,51
08203450,6
08204005,18
08204500,6
08205500,91
08206600,37
08206700,54
08206910,7
08207000,45
08207500,19
08208000,82
08210000,26
08210300,4
08210400,30
08211000,5
08211500,1
08211520,41
08211900,4
08212000,2
08212300,8
08212400,37
08212820,6
08379500,95
08382000,27
08382500,67
08382600,46
08382650,46
08382730,25
08382760,17
08383000,49
08383500,38
08384500,19
08385500,1
08385643,1
08388000,39
08389500,36
08390020,3
08390100,13
08390500,72
08393200,13
08397600,54
08397620,13
08449000,29
08455000,48
08458975,8
08458995,10
08459000,58
08474095,3
08474107,3
08474108,3
382628104493700,20
382629104493000,20
385446094430700,2
385520094420000,2
385608094380300,2
393109104464500,32
394329104490101,13
394839104570300,31
440639103014701,5
463749096432500,1
464243096495100,4
464907097015500,1
465213097003901,4
465511097363300,1
465752096573000,2
465839096412800,1
470023097144700,1
