path,type,size,permissions,modification_time,user,group,device_id,hard_links,special_device_id,inode,block_size,blocks,flags,generation,access_time,change_time,birth_time,file_type,basename,relative_path,size_mb,last_modified,possible_duplicate,size_variation
/Users/cjtinant/Documents/Rprojects_not-class/FFA_regional-skew/data/raw/koppen_climate/1901_1930/koppen_geiger_0p00833333.tif,file, 12.06M,rw-r--r--,2025-06-03T20:55:26Z,cjtinant,staff,16777233,1,0,208803520,4096,24704,64,0,2025-06-30T17:51:03Z,2025-06-03T20:55:52Z,2025-05-13T20:59:43Z,tif,koppen_geiger_0p00833333.tif,koppen_climate/1901_1930/koppen_geiger_0p00833333.tif,12.64,2025-06-03T20:55:26Z,TRUE,TRUE
/Users/cjtinant/Documents/Rprojects_not-class/FFA_regional-skew/data/raw/koppen_climate/1901_1930/koppen_geiger_0p1.tif,file,214.18K,rw-r--r--,2025-06-03T20:55:26Z,cjtinant,staff,16777233,1,0,208803522,4096,432,64,0,2025-06-30T17:51:03Z,2025-06-03T20:55:52Z,2025-05-13T20:59:43Z,tif,koppen_geiger_0p1.tif,koppen_climate/1901_1930/koppen_geiger_0p1.tif,0.22,2025-06-03T20:55:26Z,TRUE,TRUE
/Users/cjtinant/Documents/Rprojects_not-class/FFA_regional-skew/data/raw/koppen_climate/1901_1930/koppen_geiger_0p5.tif,file, 21.47K,rw-r--r--,2025-06-03T20:55:26Z,cjtinant,staff,16777233,1,0,208803523,4096,48,64,0,2025-07-08T18:52:49Z,2025-06-03T20:55:52Z,2025-05-13T20:59:43Z,tif,koppen_geiger_0p5.tif,koppen_climate/1901_1930/koppen_geiger_0p5.tif,0.02,2025-06-03T20:55:26Z,TRUE,FALSE
/Users/cjtinant/Documents/Rprojects_not-class/FFA_regional-skew/data/raw/koppen_climate/1901_1930/koppen_geiger_1p0.tif,file,  9.82K,rw-r--r--,2025-06-03T20:55:26Z,cjtinant,staff,16777233,1,0,208803524,4096,24,64,0,2025-07-08T18:52:49Z,2025-06-03T20:55:52Z,2025-05-13T20:59:43Z,tif,koppen_geiger_1p0.tif,koppen_climate/1901_1930/koppen_geiger_1p0.tif,0.01,2025-06-03T20:55:26Z,TRUE,FALSE
/Users/cjtinant/Documents/Rprojects_not-class/FFA_regional-skew/data/raw/koppen_climate/1931_1960/koppen_geiger_0p00833333.tif,file, 12.12M,rw-r--r--,2025-06-03T20:55:27Z,cjtinant,staff,16777233,1,0,208803526,4096,24824,64,0,2025-06-30T17:51:03Z,2025-06-03T20:55:52Z,2025-05-13T20:59:43Z,tif,koppen_geiger_0p00833333.tif,koppen_climate/1931_1960/koppen_geiger_0p00833333.tif,12.71,2025-06-03T20:55:27Z,TRUE,TRUE
/Users/cjtinant/Documents/Rprojects_not-class/FFA_regional-skew/data/raw/koppen_climate/1931_1960/koppen_geiger_0p1.tif,file,214.87K,rw-r--r--,2025-06-03T20:55:27Z,cjtinant,staff,16777233,1,0,208803529,4096,432,64,0,2025-06-30T17:51:03Z,2025-06-03T20:55:52Z,2025-05-13T20:59:43Z,tif,koppen_geiger_0p1.tif,koppen_climate/1931_1960/koppen_geiger_0p1.tif,0.22,2025-06-03T20:55:27Z,TRUE,TRUE
/Users/cjtinant/Documents/Rprojects_not-class/FFA_regional-skew/data/raw/koppen_climate/1931_1960/koppen_geiger_0p5.tif,file, 21.57K,rw-r--r--,2025-06-03T20:55:27Z,cjtinant,staff,16777233,1,0,208803530,4096,48,64,0,2025-07-08T18:52:49Z,2025-06-03T20:55:52Z,2025-05-13T20:59:43Z,tif,koppen_geiger_0p5.tif,koppen_climate/1931_1960/koppen_geiger_0p5.tif,0.02,2025-06-03T20:55:27Z,TRUE,FALSE
/Users/cjtinant/Documents/Rprojects_not-class/FFA_regional-skew/data/raw/koppen_climate/1931_1960/koppen_geiger_1p0.tif,file,  9.86K,rw-r--r--,2025-06-03T20:55:27Z,cjtinant,staff,16777233,1,0,208803531,4096,24,64,0,2025-07-08T18:52:49Z,2025-06-03T20:55:52Z,2025-05-13T20:59:43Z,tif,koppen_geiger_1p0.tif,koppen_climate/1931_1960/koppen_geiger_1p0.tif,0.01,2025-06-03T20:55:27Z,TRUE,FALSE
/Users/cjtinant/Documents/Rprojects_not-class/FFA_regional-skew/data/raw/koppen_climate/1961_1990/koppen_geiger_0p00833333.tif,file, 12.02M,rw-r--r--,2025-06-03T20:55:27Z,cjtinant,staff,16777233,1,0,208803533,4096,24632,64,0,2025-06-30T17:51:03Z,2025-06-03T20:55:52Z,2025-05-13T20:59:43Z,tif,koppen_geiger_0p00833333.tif,koppen_climate/1961_1990/koppen_geiger_0p00833333.tif,12.61,2025-06-03T20:55:27Z,TRUE,TRUE
/Users/cjtinant/Documents/Rprojects_not-class/FFA_regional-skew/data/raw/koppen_climate/1961_1990/koppen_geiger_0p1.tif,file,213.27K,rw-r--r--,2025-06-03T20:55:27Z,cjtinant,staff,16777233,1,0,208803537,4096,432,64,0,2025-06-30T17:51:03Z,2025-06-03T20:55:52Z,2025-05-13T20:59:43Z,tif,koppen_geiger_0p1.tif,koppen_climate/1961_1990/koppen_geiger_0p1.tif,0.22,2025-06-03T20:55:27Z,TRUE,TRUE
/Users/cjtinant/Documents/Rprojects_not-class/FFA_regional-skew/data/raw/koppen_climate/1961_1990/koppen_geiger_0p5.tif,file, 21.54K,rw-r--r--,2025-06-03T20:55:27Z,cjtinant,staff,16777233,1,0,208803538,4096,48,64,0,2025-07-08T19:24:45Z,2025-06-03T20:55:52Z,2025-05-13T20:59:43Z,tif,koppen_geiger_0p5.tif,koppen_climate/1961_1990/koppen_geiger_0p5.tif,0.02,2025-06-03T20:55:27Z,TRUE,FALSE
/Users/cjtinant/Documents/Rprojects_not-class/FFA_regional-skew/data/raw/koppen_climate/1961_1990/koppen_geiger_1p0.tif,file,  9.77K,rw-r--r--,2025-06-03T20:55:27Z,cjtinant,staff,16777233,1,0,208803539,4096,24,64,0,2025-07-08T19:24:45Z,2025-06-03T20:55:52Z,2025-05-13T20:59:43Z,tif,koppen_geiger_1p0.tif,koppen_climate/1961_1990/koppen_geiger_1p0.tif,0.01,2025-06-03T20:55:27Z,TRUE,FALSE
/Users/cjtinant/Documents/Rprojects_not-class/FFA_regional-skew/data/raw/koppen_climate/1991_2020/koppen_geiger_0p00833333.tif,file, 12.01M,rw-r--r--,2025-06-03T20:55:27Z,cjtinant,staff,16777233,1,0,208803541,4096,24592,64,0,2025-06-30T17:51:03Z,2025-06-03T20:55:52Z,2025-05-13T20:59:43Z,tif,koppen_geiger_0p00833333.tif,koppen_climate/1991_2020/koppen_geiger_0p00833333.tif,12.59,2025-06-03T20:55:27Z,TRUE,TRUE
/Users/cjtinant/Documents/Rprojects_not-class/FFA_regional-skew/data/raw/koppen_climate/1991_2020/koppen_geiger_0p1.tif,file,212.36K,rw-r--r--,2025-06-03T20:55:27Z,cjtinant,staff,16777233,1,0,208803542,4096,432,64,0,2025-06-30T17:51:03Z,2025-06-03T20:55:52Z,2025-05-13T20:59:43Z,tif,koppen_geiger_0p1.tif,koppen_climate/1991_2020/koppen_geiger_0p1.tif,0.22,2025-06-03T20:55:27Z,TRUE,TRUE
/Users/cjtinant/Documents/Rprojects_not-class/FFA_regional-skew/data/raw/koppen_climate/1991_2020/koppen_geiger_0p5.tif,file, 21.43K,rw-r--r--,2025-06-03T20:55:27Z,cjtinant,staff,16777233,1,0,208803543,4096,48,64,0,2025-07-08T19:24:45Z,2025-06-03T20:55:38Z,2025-05-13T20:59:43Z,tif,koppen_geiger_0p5.tif,koppen_climate/1991_2020/koppen_geiger_0p5.tif,0.02,2025-06-03T20:55:27Z,TRUE,FALSE
/Users/cjtinant/Documents/Rprojects_not-class/FFA_regional-skew/data/raw/koppen_climate/1991_2020/koppen_geiger_1p0.tif,file,  9.75K,rw-r--r--,2025-06-03T20:55:27Z,cjtinant,staff,16777233,1,0,208803544,4096,24,64,0,2025-07-08T19:24:45Z,2025-06-03T20:55:52Z,2025-05-13T20:59:43Z,tif,koppen_geiger_1p0.tif,koppen_climate/1991_2020/koppen_geiger_1p0.tif,0.01,2025-06-03T20:55:27Z,TRUE,FALSE
/Users/cjtinant/Documents/Rprojects_not-class/FFA_regional-skew/data/raw/koppen_climate/2041_2070/ssp119/koppen_geiger_0p00833333.tif,file, 11.52M,rw-r--r--,2025-06-03T20:55:27Z,cjtinant,staff,16777233,1,0,208803547,4096,23600,64,0,2025-06-30T17:51:03Z,2025-06-03T20:55:52Z,2025-05-13T20:59:43Z,tif,koppen_geiger_0p00833333.tif,koppen_climate/2041_2070/ssp119/koppen_geiger_0p00833333.tif,12.08,2025-06-03T20:55:27Z,TRUE,TRUE
/Users/cjtinant/Documents/Rprojects_not-class/FFA_regional-skew/data/raw/koppen_climate/2041_2070/ssp119/koppen_geiger_0p1.tif,file,207.78K,rw-r--r--,2025-06-03T20:55:27Z,cjtinant,staff,16777233,1,0,208803548,4096,416,64,0,2025-06-30T17:51:03Z,2025-06-03T20:55:52Z,2025-05-13T20:59:43Z,tif,koppen_geiger_0p1.tif,koppen_climate/2041_2070/ssp119/koppen_geiger_0p1.tif,0.21,2025-06-03T20:55:27Z,TRUE,TRUE
/Users/cjtinant/Documents/Rprojects_not-class/FFA_regional-skew/data/raw/koppen_climate/2041_2070/ssp119/koppen_geiger_0p5.tif,file, 21.2K,rw-r--r--,2025-06-03T20:55:27Z,cjtinant,staff,16777233,1,0,208803549,4096,48,64,0,2025-07-08T18:52:49Z,2025-06-03T20:55:52Z,2025-05-13T20:59:43Z,tif,koppen_geiger_0p5.tif,koppen_climate/2041_2070/ssp119/koppen_geiger_0p5.tif,0.02,2025-06-03T20:55:27Z,TRUE,FALSE
/Users/cjtinant/Documents/Rprojects_not-class/FFA_regional-skew/data/raw/koppen_climate/2041_2070/ssp119/koppen_geiger_1p0.tif,file,  9.7K,rw-r--r--,2025-06-03T20:55:27Z,cjtinant,staff,16777233,1,0,208803550,4096,24,64,0,2025-07-08T18:52:49Z,2025-06-03T20:55:52Z,2025-05-13T20:59:43Z,tif,koppen_geiger_1p0.tif,koppen_climate/2041_2070/ssp119/koppen_geiger_1p0.tif,0.01,2025-06-03T20:55:27Z,TRUE,FALSE
/Users/cjtinant/Documents/Rprojects_not-class/FFA_regional-skew/data/raw/koppen_climate/2041_2070/ssp126/koppen_geiger_0p00833333.tif,file, 11.5M,rw-r--r--,2025-06-03T20:55:27Z,cjtinant,staff,16777233,1,0,208803552,4096,23552,64,0,2025-06-30T17:51:03Z,2025-06-03T20:55:52Z,2025-05-13T20:59:43Z,tif,koppen_geiger_0p00833333.tif,koppen_climate/2041_2070/ssp126/koppen_geiger_0p00833333.tif,12.06,2025-06-03T20:55:27Z,TRUE,TRUE
/Users/cjtinant/Documents/Rprojects_not-class/FFA_regional-skew/data/raw/koppen_climate/2041_2070/ssp126/koppen_geiger_0p1.tif,file,207.09K,rw-r--r--,2025-06-03T20:55:27Z,cjtinant,staff,16777233,1,0,208803553,4096,416,64,0,2025-06-30T17:51:03Z,2025-06-03T20:55:52Z,2025-05-13T20:59:43Z,tif,koppen_geiger_0p1.tif,koppen_climate/2041_2070/ssp126/koppen_geiger_0p1.tif,0.21,2025-06-03T20:55:27Z,TRUE,TRUE
/Users/cjtinant/Documents/Rprojects_not-class/FFA_regional-skew/data/raw/koppen_climate/2041_2070/ssp126/koppen_geiger_0p5.tif,file, 21.21K,rw-r--r--,2025-06-03T20:55:27Z,cjtinant,staff,16777233,1,0,208803554,4096,48,64,0,2025-07-08T18:52:49Z,2025-06-03T20:55:52Z,2025-05-13T20:59:43Z,tif,koppen_geiger_0p5.tif,koppen_climate/2041_2070/ssp126/koppen_geiger_0p5.tif,0.02,2025-06-03T20:55:27Z,TRUE,FALSE
/Users/cjtinant/Documents/Rprojects_not-class/FFA_regional-skew/data/raw/koppen_climate/2041_2070/ssp126/koppen_geiger_1p0.tif,file,  9.72K,rw-r--r--,2025-06-03T20:55:27Z,cjtinant,staff,16777233,1,0,208803555,4096,24,64,0,2025-07-08T18:52:49Z,2025-06-03T20:55:52Z,2025-05-13T20:59:43Z,tif,koppen_geiger_1p0.tif,koppen_climate/2041_2070/ssp126/koppen_geiger_1p0.tif,0.01,2025-06-03T20:55:27Z,TRUE,FALSE
/Users/cjtinant/Documents/Rprojects_not-class/FFA_regional-skew/data/raw/koppen_climate/2041_2070/ssp245/koppen_geiger_0p00833333.tif,file, 11.51M,rw-r--r--,2025-06-03T20:55:27Z,cjtinant,staff,16777233,1,0,208803557,4096,23576,64,0,2025-06-30T17:51:03Z,2025-06-03T20:55:52Z,2025-05-13T20:59:43Z,tif,koppen_geiger_0p00833333.tif,koppen_climate/2041_2070/ssp245/koppen_geiger_0p00833333.tif,12.07,2025-06-03T20:55:27Z,TRUE,TRUE
/Users/cjtinant/Documents/Rprojects_not-class/FFA_regional-skew/data/raw/koppen_climate/2041_2070/ssp245/koppen_geiger_0p1.tif,file,207.53K,rw-r--r--,2025-06-03T20:55:27Z,cjtinant,staff,16777233,1,0,208803558,4096,416,64,0,2025-06-30T17:51:03Z,2025-06-03T20:55:52Z,2025-05-13T20:59:43Z,tif,koppen_geiger_0p1.tif,koppen_climate/2041_2070/ssp245/koppen_geiger_0p1.tif,0.21,2025-06-03T20:55:27Z,TRUE,TRUE
/Users/cjtinant/Documents/Rprojects_not-class/FFA_regional-skew/data/raw/koppen_climate/2041_2070/ssp245/koppen_geiger_0p5.tif,file, 21.26K,rw-r--r--,2025-06-03T20:55:27Z,cjtinant,staff,16777233,1,0,208803559,4096,48,64,0,2025-07-08T18:52:49Z,2025-06-03T20:55:52Z,2025-05-13T20:59:43Z,tif,koppen_geiger_0p5.tif,koppen_climate/2041_2070/ssp245/koppen_geiger_0p5.tif,0.02,2025-06-03T20:55:27Z,TRUE,FALSE
/Users/cjtinant/Documents/Rprojects_not-class/FFA_regional-skew/data/raw/koppen_climate/2041_2070/ssp245/koppen_geiger_1p0.tif,file,  9.71K,rw-r--r--,2025-06-03T20:55:27Z,cjtinant,staff,16777233,1,0,208803560,4096,24,64,0,2025-07-08T18:52:49Z,2025-06-03T20:55:52Z,2025-05-13T20:59:43Z,tif,koppen_geiger_1p0.tif,koppen_climate/2041_2070/ssp245/koppen_geiger_1p0.tif,0.01,2025-06-03T20:55:27Z,TRUE,FALSE
/Users/cjtinant/Documents/Rprojects_not-class/FFA_regional-skew/data/raw/koppen_climate/2041_2070/ssp370/koppen_geiger_0p00833333.tif,file, 11.53M,rw-r--r--,2025-06-03T20:55:27Z,cjtinant,staff,16777233,1,0,208803562,4096,23624,64,0,2025-06-30T17:51:03Z,2025-06-03T20:56:05Z,2025-05-13T20:59:43Z,tif,koppen_geiger_0p00833333.tif,koppen_climate/2041_2070/ssp370/koppen_geiger_0p00833333.tif,12.09,2025-06-03T20:55:27Z,TRUE,TRUE
/Users/cjtinant/Documents/Rprojects_not-class/FFA_regional-skew/data/raw/koppen_climate/2041_2070/ssp370/koppen_geiger_0p1.tif,file,207.55K,rw-r--r--,2025-06-03T20:55:27Z,cjtinant,staff,16777233,1,0,208803563,4096,416,64,0,2025-06-30T17:51:03Z,2025-06-03T20:55:52Z,2025-05-13T20:59:43Z,tif,koppen_geiger_0p1.tif,koppen_climate/2041_2070/ssp370/koppen_geiger_0p1.tif,0.21,2025-06-03T20:55:27Z,TRUE,TRUE
/Users/cjtinant/Documents/Rprojects_not-class/FFA_regional-skew/data/raw/koppen_climate/2041_2070/ssp370/koppen_geiger_0p5.tif,file, 21.22K,rw-r--r--,2025-06-03T20:55:27Z,cjtinant,staff,16777233,1,0,208803564,4096,48,64,0,2025-07-08T18:52:49Z,2025-06-03T20:55:52Z,2025-05-13T20:59:43Z,tif,koppen_geiger_0p5.tif,koppen_climate/2041_2070/ssp370/koppen_geiger_0p5.tif,0.02,2025-06-03T20:55:27Z,TRUE,FALSE
/Users/cjtinant/Documents/Rprojects_not-class/FFA_regional-skew/data/raw/koppen_climate/2041_2070/ssp370/koppen_geiger_1p0.tif,file,  9.71K,rw-r--r--,2025-06-03T20:55:27Z,cjtinant,staff,16777233,1,0,208803565,4096,24,64,0,2025-07-08T18:52:49Z,2025-06-03T20:55:52Z,2025-05-13T20:59:43Z,tif,koppen_geiger_1p0.tif,koppen_climate/2041_2070/ssp370/koppen_geiger_1p0.tif,0.01,2025-06-03T20:55:27Z,TRUE,FALSE
/Users/cjtinant/Documents/Rprojects_not-class/FFA_regional-skew/data/raw/koppen_climate/2041_2070/ssp434/koppen_geiger_0p00833333.tif,file, 11.57M,rw-r--r--,2025-06-03T20:55:27Z,cjtinant,staff,16777233,1,0,208803567,4096,23704,64,0,2025-06-30T17:51:03Z,2025-06-03T20:56:05Z,2025-05-13T20:59:43Z,tif,koppen_geiger_0p00833333.tif,koppen_climate/2041_2070/ssp434/koppen_geiger_0p00833333.tif,12.13,2025-06-03T20:55:27Z,TRUE,TRUE
/Users/cjtinant/Documents/Rprojects_not-class/FFA_regional-skew/data/raw/koppen_climate/2041_2070/ssp434/koppen_geiger_0p1.tif,file,208.04K,rw-r--r--,2025-06-03T20:55:27Z,cjtinant,staff,16777233,1,0,208803568,4096,424,64,0,2025-06-30T17:51:03Z,2025-06-03T20:56:05Z,2025-05-13T20:59:43Z,tif,koppen_geiger_0p1.tif,koppen_climate/2041_2070/ssp434/koppen_geiger_0p1.tif,0.21,2025-06-03T20:55:27Z,TRUE,TRUE
/Users/cjtinant/Documents/Rprojects_not-class/FFA_regional-skew/data/raw/koppen_climate/2041_2070/ssp434/koppen_geiger_0p5.tif,file, 21.23K,rw-r--r--,2025-06-03T20:55:27Z,cjtinant,staff,16777233,1,0,208803569,4096,48,64,0,2025-07-08T18:52:49Z,2025-06-03T20:55:52Z,2025-05-13T20:59:43Z,tif,koppen_geiger_0p5.tif,koppen_climate/2041_2070/ssp434/koppen_geiger_0p5.tif,0.02,2025-06-03T20:55:27Z,TRUE,FALSE
/Users/cjtinant/Documents/Rprojects_not-class/FFA_regional-skew/data/raw/koppen_climate/2041_2070/ssp434/koppen_geiger_1p0.tif,file,  9.75K,rw-r--r--,2025-06-03T20:55:27Z,cjtinant,staff,16777233,1,0,208803570,4096,24,64,0,2025-07-08T18:52:49Z,2025-06-03T20:55:52Z,2025-05-13T20:59:43Z,tif,koppen_geiger_1p0.tif,koppen_climate/2041_2070/ssp434/koppen_geiger_1p0.tif,0.01,2025-06-03T20:55:27Z,TRUE,FALSE
/Users/cjtinant/Documents/Rprojects_not-class/FFA_regional-skew/data/raw/koppen_climate/2041_2070/ssp460/koppen_geiger_0p00833333.tif,file, 11.55M,rw-r--r--,2025-06-03T20:55:27Z,cjtinant,staff,16777233,1,0,208803572,4096,23664,64,0,2025-06-30T17:51:03Z,2025-06-03T20:56:05Z,2025-05-13T20:59:43Z,tif,koppen_geiger_0p00833333.tif,koppen_climate/2041_2070/ssp460/koppen_geiger_0p00833333.tif,12.11,2025-06-03T20:55:27Z,TRUE,TRUE
/Users/cjtinant/Documents/Rprojects_not-class/FFA_regional-skew/data/raw/koppen_climate/2041_2070/ssp460/koppen_geiger_0p1.tif,file,207.52K,rw-r--r--,2025-06-03T20:55:27Z,cjtinant,staff,16777233,1,0,208803595,4096,416,64,0,2025-06-30T17:51:03Z,2025-06-03T20:55:52Z,2025-05-13T20:59:44Z,tif,koppen_geiger_0p1.tif,koppen_climate/2041_2070/ssp460/koppen_geiger_0p1.tif,0.21,2025-06-03T20:55:27Z,TRUE,TRUE
/Users/cjtinant/Documents/Rprojects_not-class/FFA_regional-skew/data/raw/koppen_climate/2041_2070/ssp460/koppen_geiger_0p5.tif,file, 21.26K,rw-r--r--,2025-06-03T20:55:27Z,cjtinant,staff,16777233,1,0,208803597,4096,48,64,0,2025-07-08T18:52:49Z,2025-06-03T20:55:52Z,2025-05-13T20:59:44Z,tif,koppen_geiger_0p5.tif,koppen_climate/2041_2070/ssp460/koppen_geiger_0p5.tif,0.02,2025-06-03T20:55:27Z,TRUE,FALSE
/Users/cjtinant/Documents/Rprojects_not-class/FFA_regional-skew/data/raw/koppen_climate/2041_2070/ssp460/koppen_geiger_1p0.tif,file,  9.71K,rw-r--r--,2025-06-03T20:55:27Z,cjtinant,staff,16777233,1,0,208803617,4096,24,64,0,2025-07-08T18:52:49Z,2025-06-03T20:55:52Z,2025-05-13T20:59:44Z,tif,koppen_geiger_1p0.tif,koppen_climate/2041_2070/ssp460/koppen_geiger_1p0.tif,0.01,2025-06-03T20:55:27Z,TRUE,FALSE
/Users/cjtinant/Documents/Rprojects_not-class/FFA_regional-skew/data/raw/koppen_climate/2041_2070/ssp585/koppen_geiger_0p00833333.tif,file, 11.59M,rw-r--r--,2025-06-03T20:55:27Z,cjtinant,staff,16777233,1,0,208803623,4096,23744,64,0,2025-06-30T17:51:03Z,2025-06-03T20:56:05Z,2025-05-13T20:59:44Z,tif,koppen_geiger_0p00833333.tif,koppen_climate/2041_2070/ssp585/koppen_geiger_0p00833333.tif,12.15,2025-06-03T20:55:27Z,TRUE,TRUE
/Users/cjtinant/Documents/Rprojects_not-class/FFA_regional-skew/data/raw/koppen_climate/2041_2070/ssp585/koppen_geiger_0p1.tif,file,207.83K,rw-r--r--,2025-06-03T20:55:27Z,cjtinant,staff,16777233,1,0,208803636,4096,416,64,0,2025-06-30T17:51:03Z,2025-06-03T20:55:52Z,2025-05-13T20:59:44Z,tif,koppen_geiger_0p1.tif,koppen_climate/2041_2070/ssp585/koppen_geiger_0p1.tif,0.21,2025-06-03T20:55:27Z,TRUE,TRUE
/Users/cjtinant/Documents/Rprojects_not-class/FFA_regional-skew/data/raw/koppen_climate/2041_2070/ssp585/koppen_geiger_0p5.tif,file, 21.25K,rw-r--r--,2025-06-03T20:55:27Z,cjtinant,staff,16777233,1,0,208803640,4096,48,64,0,2025-07-08T18:52:49Z,2025-06-03T20:55:52Z,2025-05-13T20:59:44Z,tif,koppen_geiger_0p5.tif,koppen_climate/2041_2070/ssp585/koppen_geiger_0p5.tif,0.02,2025-06-03T20:55:27Z,TRUE,FALSE
/Users/cjtinant/Documents/Rprojects_not-class/FFA_regional-skew/data/raw/koppen_climate/2041_2070/ssp585/koppen_geiger_1p0.tif,file,  9.76K,rw-r--r--,2025-06-03T20:55:27Z,cjtinant,staff,16777233,1,0,208803642,4096,24,64,0,2025-07-08T18:52:49Z,2025-06-03T20:55:52Z,2025-05-13T20:59:44Z,tif,koppen_geiger_1p0.tif,koppen_climate/2041_2070/ssp585/koppen_geiger_1p0.tif,0.01,2025-06-03T20:55:27Z,TRUE,FALSE
/Users/cjtinant/Documents/Rprojects_not-class/FFA_regional-skew/data/raw/koppen_climate/2071_2099/ssp119/koppen_geiger_0p00833333.tif,file, 11.52M,rw-r--r--,2025-06-03T20:55:27Z,cjtinant,staff,16777233,1,0,208803651,4096,23608,64,0,2025-06-30T17:51:03Z,2025-06-03T20:56:05Z,2025-05-13T20:59:44Z,tif,koppen_geiger_0p00833333.tif,koppen_climate/2071_2099/ssp119/koppen_geiger_0p00833333.tif,12.08,2025-06-03T20:55:27Z,TRUE,TRUE
/Users/cjtinant/Documents/Rprojects_not-class/FFA_regional-skew/data/raw/koppen_climate/2071_2099/ssp119/koppen_geiger_0p1.tif,file,207.56K,rw-r--r--,2025-06-03T20:55:27Z,cjtinant,staff,16777233,1,0,208803657,4096,416,64,0,2025-06-30T17:51:03Z,2025-06-03T20:55:52Z,2025-05-13T20:59:45Z,tif,koppen_geiger_0p1.tif,koppen_climate/2071_2099/ssp119/koppen_geiger_0p1.tif,0.21,2025-06-03T20:55:27Z,TRUE,TRUE
/Users/cjtinant/Documents/Rprojects_not-class/FFA_regional-skew/data/raw/koppen_climate/2071_2099/ssp119/koppen_geiger_0p5.tif,file, 21.2K,rw-r--r--,2025-06-03T20:55:27Z,cjtinant,staff,16777233,1,0,208803659,4096,48,64,0,2025-07-08T18:52:49Z,2025-06-03T20:55:52Z,2025-05-13T20:59:45Z,tif,koppen_geiger_0p5.tif,koppen_climate/2071_2099/ssp119/koppen_geiger_0p5.tif,0.02,2025-06-03T20:55:27Z,TRUE,FALSE
/Users/cjtinant/Documents/Rprojects_not-class/FFA_regional-skew/data/raw/koppen_climate/2071_2099/ssp119/koppen_geiger_1p0.tif,file,  9.73K,rw-r--r--,2025-06-03T20:55:27Z,cjtinant,staff,16777233,1,0,208803661,4096,24,64,0,2025-07-08T18:52:49Z,2025-06-03T20:55:52Z,2025-05-13T20:59:45Z,tif,koppen_geiger_1p0.tif,koppen_climate/2071_2099/ssp119/koppen_geiger_1p0.tif,0.01,2025-06-03T20:55:27Z,TRUE,FALSE
/Users/cjtinant/Documents/Rprojects_not-class/FFA_regional-skew/data/raw/koppen_climate/2071_2099/ssp126/koppen_geiger_0p00833333.tif,file, 11.52M,rw-r--r--,2025-06-03T20:55:27Z,cjtinant,staff,16777233,1,0,208803665,4096,23592,64,0,2025-06-30T17:51:03Z,2025-06-03T20:56:05Z,2025-05-13T20:59:45Z,tif,koppen_geiger_0p00833333.tif,koppen_climate/2071_2099/ssp126/koppen_geiger_0p00833333.tif,12.08,2025-06-03T20:55:27Z,TRUE,TRUE
/Users/cjtinant/Documents/Rprojects_not-class/FFA_regional-skew/data/raw/koppen_climate/2071_2099/ssp126/koppen_geiger_0p1.tif,file,207.62K,rw-r--r--,2025-06-03T20:55:27Z,cjtinant,staff,16777233,1,0,208803668,4096,416,64,0,2025-06-30T17:51:03Z,2025-06-03T20:55:52Z,2025-05-13T20:59:45Z,tif,koppen_geiger_0p1.tif,koppen_climate/2071_2099/ssp126/koppen_geiger_0p1.tif,0.21,2025-06-03T20:55:27Z,TRUE,TRUE
/Users/cjtinant/Documents/Rprojects_not-class/FFA_regional-skew/data/raw/koppen_climate/2071_2099/ssp126/koppen_geiger_0p5.tif,file, 21.28K,rw-r--r--,2025-06-03T20:55:27Z,cjtinant,staff,16777233,1,0,208803699,4096,48,64,0,2025-07-08T18:52:49Z,2025-06-03T20:55:52Z,2025-05-13T20:59:45Z,tif,koppen_geiger_0p5.tif,koppen_climate/2071_2099/ssp126/koppen_geiger_0p5.tif,0.02,2025-06-03T20:55:27Z,TRUE,FALSE
/Users/cjtinant/Documents/Rprojects_not-class/FFA_regional-skew/data/raw/koppen_climate/2071_2099/ssp126/koppen_geiger_1p0.tif,file,  9.72K,rw-r--r--,2025-06-03T20:55:27Z,cjtinant,staff,16777233,1,0,208803714,4096,24,64,0,2025-07-08T18:52:49Z,2025-06-03T20:55:52Z,2025-05-13T20:59:45Z,tif,koppen_geiger_1p0.tif,koppen_climate/2071_2099/ssp126/koppen_geiger_1p0.tif,0.01,2025-06-03T20:55:27Z,TRUE,FALSE
/Users/cjtinant/Documents/Rprojects_not-class/FFA_regional-skew/data/raw/koppen_climate/2071_2099/ssp245/koppen_geiger_0p00833333.tif,file, 11.58M,rw-r--r--,2025-06-03T20:55:27Z,cjtinant,staff,16777233,1,0,208803717,4096,23728,64,0,2025-06-30T17:51:03Z,2025-06-03T20:56:05Z,2025-05-13T20:59:45Z,tif,koppen_geiger_0p00833333.tif,koppen_climate/2071_2099/ssp245/koppen_geiger_0p00833333.tif,12.15,2025-06-03T20:55:27Z,TRUE,TRUE
/Users/cjtinant/Documents/Rprojects_not-class/FFA_regional-skew/data/raw/koppen_climate/2071_2099/ssp245/koppen_geiger_0p1.tif,file,207.6K,rw-r--r--,2025-06-03T20:55:27Z,cjtinant,staff,16777233,1,0,208803761,4096,416,64,0,2025-06-30T17:51:03Z,2025-06-03T20:56:05Z,2025-05-13T20:59:45Z,tif,koppen_geiger_0p1.tif,koppen_climate/2071_2099/ssp245/koppen_geiger_0p1.tif,0.21,2025-06-03T20:55:27Z,TRUE,TRUE
/Users/cjtinant/Documents/Rprojects_not-class/FFA_regional-skew/data/raw/koppen_climate/2071_2099/ssp245/koppen_geiger_0p5.tif,file, 21.27K,rw-r--r--,2025-06-03T20:55:27Z,cjtinant,staff,16777233,1,0,208803764,4096,48,64,0,2025-07-08T18:52:49Z,2025-06-03T20:56:05Z,2025-05-13T20:59:46Z,tif,koppen_geiger_0p5.tif,koppen_climate/2071_2099/ssp245/koppen_geiger_0p5.tif,0.02,2025-06-03T20:55:27Z,TRUE,FALSE
/Users/cjtinant/Documents/Rprojects_not-class/FFA_regional-skew/data/raw/koppen_climate/2071_2099/ssp245/koppen_geiger_1p0.tif,file,  9.7K,rw-r--r--,2025-06-03T20:55:27Z,cjtinant,staff,16777233,1,0,208803766,4096,24,64,0,2025-07-08T18:52:49Z,2025-06-03T20:56:05Z,2025-05-13T20:59:46Z,tif,koppen_geiger_1p0.tif,koppen_climate/2071_2099/ssp245/koppen_geiger_1p0.tif,0.01,2025-06-03T20:55:27Z,TRUE,FALSE
/Users/cjtinant/Documents/Rprojects_not-class/FFA_regional-skew/data/raw/koppen_climate/2071_2099/ssp370/koppen_geiger_0p00833333.tif,file, 11.67M,rw-r--r--,2025-06-03T20:55:27Z,cjtinant,staff,16777233,1,0,208803771,4096,23904,64,0,2025-06-30T17:51:03Z,2025-06-03T20:56:05Z,2025-05-13T20:59:46Z,tif,koppen_geiger_0p00833333.tif,koppen_climate/2071_2099/ssp370/koppen_geiger_0p00833333.tif,12.24,2025-06-03T20:55:27Z,TRUE,TRUE
/Users/cjtinant/Documents/Rprojects_not-class/FFA_regional-skew/data/raw/koppen_climate/2071_2099/ssp370/koppen_geiger_0p1.tif,file,208.36K,rw-r--r--,2025-06-03T20:55:27Z,cjtinant,staff,16777233,1,0,208803779,4096,424,64,0,2025-06-30T17:51:03Z,2025-06-03T20:56:05Z,2025-05-13T20:59:46Z,tif,koppen_geiger_0p1.tif,koppen_climate/2071_2099/ssp370/koppen_geiger_0p1.tif,0.21,2025-06-03T20:55:27Z,TRUE,TRUE
/Users/cjtinant/Documents/Rprojects_not-class/FFA_regional-skew/data/raw/koppen_climate/2071_2099/ssp370/koppen_geiger_0p5.tif,file, 21.35K,rw-r--r--,2025-06-03T20:55:27Z,cjtinant,staff,16777233,1,0,208803780,4096,48,64,0,2025-07-08T18:52:49Z,2025-06-03T20:55:52Z,2025-05-13T20:59:46Z,tif,koppen_geiger_0p5.tif,koppen_climate/2071_2099/ssp370/koppen_geiger_0p5.tif,0.02,2025-06-03T20:55:27Z,TRUE,FALSE
/Users/cjtinant/Documents/Rprojects_not-class/FFA_regional-skew/data/raw/koppen_climate/2071_2099/ssp370/koppen_geiger_1p0.tif,file,  9.82K,rw-r--r--,2025-06-03T20:55:27Z,cjtinant,staff,16777233,1,0,208803781,4096,24,64,0,2025-07-08T18:52:49Z,2025-06-03T20:56:05Z,2025-05-13T20:59:46Z,tif,koppen_geiger_1p0.tif,koppen_climate/2071_2099/ssp370/koppen_geiger_1p0.tif,0.01,2025-06-03T20:55:27Z,TRUE,FALSE
/Users/cjtinant/Documents/Rprojects_not-class/FFA_regional-skew/data/raw/koppen_climate/2071_2099/ssp434/koppen_geiger_0p00833333.tif,file, 11.57M,rw-r--r--,2025-06-03T20:55:27Z,cjtinant,staff,16777233,1,0,208803783,4096,23696,64,0,2025-06-30T17:51:03Z,2025-06-03T20:56:05Z,2025-05-13T20:59:46Z,tif,koppen_geiger_0p00833333.tif,koppen_climate/2071_2099/ssp434/koppen_geiger_0p00833333.tif,12.13,2025-06-03T20:55:27Z,TRUE,TRUE
/Users/cjtinant/Documents/Rprojects_not-class/FFA_regional-skew/data/raw/koppen_climate/2071_2099/ssp434/koppen_geiger_0p1.tif,file,207.16K,rw-r--r--,2025-06-03T20:55:27Z,cjtinant,staff,16777233,1,0,208803790,4096,416,64,0,2025-06-30T17:51:03Z,2025-06-03T20:56:05Z,2025-05-13T20:59:46Z,tif,koppen_geiger_0p1.tif,koppen_climate/2071_2099/ssp434/koppen_geiger_0p1.tif,0.21,2025-06-03T20:55:27Z,TRUE,TRUE
/Users/cjtinant/Documents/Rprojects_not-class/FFA_regional-skew/data/raw/koppen_climate/2071_2099/ssp434/koppen_geiger_0p5.tif,file, 21.11K,rw-r--r--,2025-06-03T20:55:27Z,cjtinant,staff,16777233,1,0,208803791,4096,48,64,0,2025-07-08T18:52:49Z,2025-06-03T20:56:05Z,2025-05-13T20:59:46Z,tif,koppen_geiger_0p5.tif,koppen_climate/2071_2099/ssp434/koppen_geiger_0p5.tif,0.02,2025-06-03T20:55:27Z,TRUE,FALSE
/Users/cjtinant/Documents/Rprojects_not-class/FFA_regional-skew/data/raw/koppen_climate/2071_2099/ssp434/koppen_geiger_1p0.tif,file,  9.71K,rw-r--r--,2025-06-03T20:55:27Z,cjtinant,staff,16777233,1,0,208803792,4096,24,64,0,2025-07-08T18:52:49Z,2025-06-03T20:56:05Z,2025-05-13T20:59:46Z,tif,koppen_geiger_1p0.tif,koppen_climate/2071_2099/ssp434/koppen_geiger_1p0.tif,0.01,2025-06-03T20:55:27Z,TRUE,FALSE
/Users/cjtinant/Documents/Rprojects_not-class/FFA_regional-skew/data/raw/koppen_climate/2071_2099/ssp460/koppen_geiger_0p00833333.tif,file, 11.72M,rw-r--r--,2025-06-03T20:55:27Z,cjtinant,staff,16777233,1,0,208803794,4096,24016,64,0,2025-06-30T17:51:03Z,2025-06-03T20:56:05Z,2025-05-13T20:59:46Z,tif,koppen_geiger_0p00833333.tif,koppen_climate/2071_2099/ssp460/koppen_geiger_0p00833333.tif,12.29,2025-06-03T20:55:27Z,TRUE,TRUE
/Users/cjtinant/Documents/Rprojects_not-class/FFA_regional-skew/data/raw/koppen_climate/2071_2099/ssp460/koppen_geiger_0p1.tif,file,208.66K,rw-r--r--,2025-06-03T20:55:27Z,cjtinant,staff,16777233,1,0,208803795,4096,424,64,0,2025-06-30T17:51:03Z,2025-06-03T20:56:05Z,2025-05-13T20:59:46Z,tif,koppen_geiger_0p1.tif,koppen_climate/2071_2099/ssp460/koppen_geiger_0p1.tif,0.21,2025-06-03T20:55:27Z,TRUE,TRUE
/Users/cjtinant/Documents/Rprojects_not-class/FFA_regional-skew/data/raw/koppen_climate/2071_2099/ssp460/koppen_geiger_0p5.tif,file, 21.32K,rw-r--r--,2025-06-03T20:55:27Z,cjtinant,staff,16777233,1,0,208803796,4096,48,64,0,2025-07-08T18:52:49Z,2025-06-03T20:55:52Z,2025-05-13T20:59:46Z,tif,koppen_geiger_0p5.tif,koppen_climate/2071_2099/ssp460/koppen_geiger_0p5.tif,0.02,2025-06-03T20:55:27Z,TRUE,FALSE
/Users/cjtinant/Documents/Rprojects_not-class/FFA_regional-skew/data/raw/koppen_climate/2071_2099/ssp460/koppen_geiger_1p0.tif,file,  9.79K,rw-r--r--,2025-06-03T20:55:27Z,cjtinant,staff,16777233,1,0,208803797,4096,24,64,0,2025-07-08T18:52:49Z,2025-06-03T20:56:05Z,2025-05-13T20:59:46Z,tif,koppen_geiger_1p0.tif,koppen_climate/2071_2099/ssp460/koppen_geiger_1p0.tif,0.01,2025-06-03T20:55:27Z,TRUE,FALSE
/Users/cjtinant/Documents/Rprojects_not-class/FFA_regional-skew/data/raw/koppen_climate/2071_2099/ssp585/koppen_geiger_0p00833333.tif,file, 11.62M,rw-r--r--,2025-06-03T20:55:27Z,cjtinant,staff,16777233,1,0,208803799,4096,23800,64,0,2025-06-30T17:51:03Z,2025-06-03T20:56:05Z,2025-05-13T20:59:46Z,tif,koppen_geiger_0p00833333.tif,koppen_climate/2071_2099/ssp585/koppen_geiger_0p00833333.tif,12.18,2025-06-03T20:55:27Z,TRUE,TRUE
/Users/cjtinant/Documents/Rprojects_not-class/FFA_regional-skew/data/raw/koppen_climate/2071_2099/ssp585/koppen_geiger_0p1.tif,file,207.59K,rw-r--r--,2025-06-03T20:55:27Z,cjtinant,staff,16777233,1,0,208803800,4096,416,64,0,2025-06-30T17:51:03Z,2025-06-03T20:56:05Z,2025-05-13T20:59:46Z,tif,koppen_geiger_0p1.tif,koppen_climate/2071_2099/ssp585/koppen_geiger_0p1.tif,0.21,2025-06-03T20:55:27Z,TRUE,TRUE
/Users/cjtinant/Documents/Rprojects_not-class/FFA_regional-skew/data/raw/koppen_climate/2071_2099/ssp585/koppen_geiger_0p5.tif,file, 21.24K,rw-r--r--,2025-06-03T20:55:27Z,cjtinant,staff,16777233,1,0,208803801,4096,48,64,0,2025-07-08T18:52:49Z,2025-06-03T20:56:05Z,2025-05-13T20:59:46Z,tif,koppen_geiger_0p5.tif,koppen_climate/2071_2099/ssp585/koppen_geiger_0p5.tif,0.02,2025-06-03T20:55:27Z,TRUE,FALSE
/Users/cjtinant/Documents/Rprojects_not-class/FFA_regional-skew/data/raw/koppen_climate/2071_2099/ssp585/koppen_geiger_1p0.tif,file,  9.8K,rw-r--r--,2025-06-03T20:55:27Z,cjtinant,staff,16777233,1,0,208803802,4096,24,64,0,2025-07-08T18:52:49Z,2025-06-03T20:56:05Z,2025-05-13T20:59:46Z,tif,koppen_geiger_1p0.tif,koppen_climate/2071_2099/ssp585/koppen_geiger_1p0.tif,0.01,2025-06-03T20:55:27Z,TRUE,FALSE
