NA_L3CODE,NA_L3NAME,prism_ppt_seasonal_iqr_mm
9.2.1,Aspen Parkland/Northern Glaciated Plains,58.96574401855469
9.2.1,Aspen Parkland/Northern Glaciated Plains,86.58735656738281
9.2.1,Aspen Parkland/Northern Glaciated Plains,77.02085876464844
9.2.1,Aspen Parkland/Northern Glaciated Plains,65.24334716796875
9.2.1,Aspen Parkland/Northern Glaciated Plains,53.41825485229492
9.2.1,Aspen Parkland/Northern Glaciated Plains,54.35866928100586
9.2.1,Aspen Parkland/Northern Glaciated Plains,78.17448425292969
9.2.1,Aspen Parkland/Northern Glaciated Plains,72.93329620361328
9.2.1,Aspen Parkland/Northern Glaciated Plains,53.94355392456055
9.2.1,Aspen Parkland/Northern Glaciated Plains,53.75830078125
9.2.1,Aspen Parkland/Northern Glaciated Plains,68.9119644165039
9.2.1,Aspen Parkland/Northern Glaciated Plains,56.357330322265625
9.2.1,Aspen Parkland/Northern Glaciated Plains,75.26283264160156
9.2.1,Aspen Parkland/Northern Glaciated Plains,70.71417999267578
9.2.1,Aspen Parkland/Northern Glaciated Plains,54.94090270996094
9.2.1,Aspen Parkland/Northern Glaciated Plains,57.49571228027344
9.2.1,Aspen Parkland/Northern Glaciated Plains,53.7630729675293
9.2.1,Aspen Parkland/Northern Glaciated Plains,64.5205078125
9.2.1,Aspen Parkland/Northern Glaciated Plains,56.833274841308594
9.2.1,Aspen Parkland/Northern Glaciated Plains,55.52518844604492
9.2.1,Aspen Parkland/Northern Glaciated Plains,55.83628463745117
9.2.1,Aspen Parkland/Northern Glaciated Plains,54.621124267578125
9.2.1,Aspen Parkland/Northern Glaciated Plains,51.33210372924805
9.2.1,Aspen Parkland/Northern Glaciated Plains,54.66818618774414
9.2.1,Aspen Parkland/Northern Glaciated Plains,55.245513916015625
9.2.1,Aspen Parkland/Northern Glaciated Plains,88.10546112060547
9.2.1,Aspen Parkland/Northern Glaciated Plains,51.72259521484375
9.2.1,Aspen Parkland/Northern Glaciated Plains,57.7545166015625
9.2.1,Aspen Parkland/Northern Glaciated Plains,58.46474838256836
9.2.1,Aspen Parkland/Northern Glaciated Plains,56.8243293762207
9.2.1,Aspen Parkland/Northern Glaciated Plains,54.44504928588867
9.2.1,Aspen Parkland/Northern Glaciated Plains,55.204185485839844
9.2.1,Aspen Parkland/Northern Glaciated Plains,53.69089889526367
9.2.1,Aspen Parkland/Northern Glaciated Plains,54.40529251098633
9.2.1,Aspen Parkland/Northern Glaciated Plains,56.37065505981445
9.2.1,Aspen Parkland/Northern Glaciated Plains,52.513160705566406
9.2.1,Aspen Parkland/Northern Glaciated Plains,54.8968505859375
9.2.1,Aspen Parkland/Northern Glaciated Plains,54.60514450073242
9.2.1,Aspen Parkland/Northern Glaciated Plains,56.30147171020508
9.2.1,Aspen Parkland/Northern Glaciated Plains,53.93114471435547
9.2.1,Aspen Parkland/Northern Glaciated Plains,72.15062713623047
9.2.1,Aspen Parkland/Northern Glaciated Plains,54.540504455566406
9.2.1,Aspen Parkland/Northern Glaciated Plains,55.095420837402344
9.2.1,Aspen Parkland/Northern Glaciated Plains,72.24293518066406
9.2.2,Lake Manitoba and Lake Agassiz Plain,58.18100357055664
9.2.2,Lake Manitoba and Lake Agassiz Plain,68.35926055908203
9.2.2,Lake Manitoba and Lake Agassiz Plain,65.925811767578125
9.2.2,Lake Manitoba and Lake Agassiz Plain,55.40595626831055
9.2.2,Lake Manitoba and Lake Agassiz Plain,69.06324005126953
9.2.2,Lake Manitoba and Lake Agassiz Plain,53.578834533691406
9.2.2,Lake Manitoba and Lake Agassiz Plain,55.964256286621094
9.2.2,Lake Manitoba and Lake Agassiz Plain,56.61369705200195
9.2.2,Lake Manitoba and Lake Agassiz Plain,54.8238410949707
9.2.2,Lake Manitoba and Lake Agassiz Plain,55.58672332763672
9.2.2,Lake Manitoba and Lake Agassiz Plain,53.02686309814453
9.2.3,Western Corn Belt Plains,107.8282699584961
9.2.3,Western Corn Belt Plains,107.1307144165039
9.2.3,Western Corn Belt Plains,112.81574249267578
9.2.3,Western Corn Belt Plains,97.59224700927734
9.2.3,Western Corn Belt Plains,116.51670837402344
9.2.3,Western Corn Belt Plains,118.81453704833984
9.2.3,Western Corn Belt Plains,104.36214447021484
9.2.3,Western Corn Belt Plains,114.99560546875
9.2.3,Western Corn Belt Plains,109.3953628540039
9.2.3,Western Corn Belt Plains,116.03681182861328
9.2.3,Western Corn Belt Plains,104.71207427978516
9.2.3,Western Corn Belt Plains,108.1063232421875
9.2.3,Western Corn Belt Plains,112.70960235595703
9.2.3,Western Corn Belt Plains,100.68516540527344
9.2.4,Central Irregular Plains,108.50996398925781
9.2.4,Central Irregular Plains,97.7389907836914
9.2.4,Central Irregular Plains,104.86528015136719
9.2.4,Central Irregular Plains,91.44486999511719
9.2.4,Central Irregular Plains,95.16969299316406
9.3.1,Northwestern Glaciated Plains,51.560848236083984
9.3.1,Northwestern Glaciated Plains,47.07783889770508
9.3.1,Northwestern Glaciated Plains,66.46097564697266
9.3.1,Northwestern Glaciated Plains,59.20295333862305
9.3.1,Northwestern Glaciated Plains,55.402095794677734
9.3.1,Northwestern Glaciated Plains,78.3478012084961
9.3.1,Northwestern Glaciated Plains,92.59349822998047
9.3.1,Northwestern Glaciated Plains,54.78866958618164
9.3.1,Northwestern Glaciated Plains,68.380950927734375
9.3.1,Northwestern Glaciated Plains,54.13207244873047
9.3.1,Northwestern Glaciated Plains,94.0087890625
9.3.1,Northwestern Glaciated Plains,101.27893829345703
9.3.1,Northwestern Glaciated Plains,108.02369689941406
9.3.1,Northwestern Glaciated Plains,59.79600524902344
9.3.1,Northwestern Glaciated Plains,105.10765075683594
9.3.1,Northwestern Glaciated Plains,45.12681579589844
9.3.1,Northwestern Glaciated Plains,44.417762756347656
9.3.1,Northwestern Glaciated Plains,38.086875915527344
9.3.1,Northwestern Glaciated Plains,61.244544982910156
9.3.1,Northwestern Glaciated Plains,64.9256591796875
9.3.1,Northwestern Glaciated Plains,53.5362663269043
9.3.1,Northwestern Glaciated Plains,63.3751106262207
9.3.1,Northwestern Glaciated Plains,54.72953414916992
9.3.1,Northwestern Glaciated Plains,61.13520050048828
9.3.1,Northwestern Glaciated Plains,59.89372634887695
9.3.1,Northwestern Glaciated Plains,50.39549255371094
9.3.1,Northwestern Glaciated Plains,59.830474853515625
9.3.1,Northwestern Glaciated Plains,55.61893844604492
9.3.1,Northwestern Glaciated Plains,48.20376968383789
9.3.1,Northwestern Glaciated Plains,68.70055389404297
9.3.1,Northwestern Glaciated Plains,58.56742477416992
9.3.1,Northwestern Glaciated Plains,52.15878677368164
9.3.1,Northwestern Glaciated Plains,61.141239166259766
9.3.1,Northwestern Glaciated Plains,61.559120178222656
9.3.1,Northwestern Glaciated Plains,89.74541473388672
9.3.1,Northwestern Glaciated Plains,58.937599182128906
9.3.1,Northwestern Glaciated Plains,57.48347473144531
9.3.1,Northwestern Glaciated Plains,57.13972473144531
9.3.1,Northwestern Glaciated Plains,50.203243255615234
9.3.1,Northwestern Glaciated Plains,72.31959533691406
9.3.1,Northwestern Glaciated Plains,50.83356857299805
9.3.1,Northwestern Glaciated Plains,57.8596076965332
9.3.1,Northwestern Glaciated Plains,56.64653778076172
9.3.1,Northwestern Glaciated Plains,62.59578323364258
9.3.1,Northwestern Glaciated Plains,56.87866973876953
9.3.3,Northwestern Great Plains,64.22967529296875
9.3.3,Northwestern Great Plains,63.57880783081055
9.3.3,Northwestern Great Plains,58.870765686035156
9.3.3,Northwestern Great Plains,52.629573822021484
9.3.3,Northwestern Great Plains,87.430999755859375
9.3.3,Northwestern Great Plains,80.7571029663086
9.3.3,Northwestern Great Plains,94.068328857421875
9.3.3,Northwestern Great Plains,59.04768753051758
9.3.3,Northwestern Great Plains,81.19355773925781
9.3.3,Northwestern Great Plains,103.43365478515625
9.3.3,Northwestern Great Plains,72.485015869140625
9.3.3,Northwestern Great Plains,58.0294075012207
9.3.3,Northwestern Great Plains,63.44736862182617
9.3.3,Northwestern Great Plains,58.14033126831055
9.3.3,Northwestern Great Plains,67.10577392578125
9.3.3,Northwestern Great Plains,55.32233810424805
9.3.3,Northwestern Great Plains,64.4776382446289
9.3.3,Northwestern Great Plains,54.8592529296875
9.3.3,Northwestern Great Plains,56.238365173339844
9.3.3,Northwestern Great Plains,46.50044250488281
9.3.3,Northwestern Great Plains,34.205360412597656
9.3.3,Northwestern Great Plains,95.8528823852539
9.3.3,Northwestern Great Plains,92.9574203491211
9.3.3,Northwestern Great Plains,90.25004577636719
9.3.3,Northwestern Great Plains,52.958805084228516
9.3.3,Northwestern Great Plains,87.97762298583984
9.3.3,Northwestern Great Plains,39.02131652832031
9.3.3,Northwestern Great Plains,56.737152099609375
9.3.3,Northwestern Great Plains,97.25334167480469
9.3.3,Northwestern Great Plains,83.515960693359375
9.3.3,Northwestern Great Plains,59.67658996582031
9.3.3,Northwestern Great Plains,46.71699905395508
9.3.3,Northwestern Great Plains,65.46723937988281
9.3.3,Northwestern Great Plains,63.5485954284668
9.3.3,Northwestern Great Plains,73.712249755859375
9.3.3,Northwestern Great Plains,52.78779983520508
9.3.3,Northwestern Great Plains,77.30657196044922
9.3.3,Northwestern Great Plains,106.87935638427734
9.3.3,Northwestern Great Plains,59.646385192871094
9.3.3,Northwestern Great Plains,60.276832580566406
9.3.3,Northwestern Great Plains,79.23820495605469
9.3.3,Northwestern Great Plains,72.12327575683594
9.3.3,Northwestern Great Plains,60.161319732666016
9.3.3,Northwestern Great Plains,32.22663497924805
9.3.3,Northwestern Great Plains,62.14427947998047
9.3.3,Northwestern Great Plains,87.90318298339844
9.3.3,Northwestern Great Plains,66.858978271484375
9.3.3,Northwestern Great Plains,41.60646438598633
9.3.3,Northwestern Great Plains,46.623046875
9.3.3,Northwestern Great Plains,59.3216667175293
9.3.3,Northwestern Great Plains,45.44486618041992
9.3.3,Northwestern Great Plains,67.07716369628906
9.3.3,Northwestern Great Plains,73.664306640625
9.3.3,Northwestern Great Plains,77.8230209350586
9.3.3,Northwestern Great Plains,74.1893081665039
9.3.3,Northwestern Great Plains,75.48333740234375
9.3.3,Northwestern Great Plains,69.07108306884766
9.3.3,Northwestern Great Plains,71.00083923339844
9.3.3,Northwestern Great Plains,44.55679702758789
9.3.3,Northwestern Great Plains,59.52586364746094
9.3.3,Northwestern Great Plains,50.96015548706055
9.3.3,Northwestern Great Plains,72.38988494873047
9.3.3,Northwestern Great Plains,59.96796798706055
9.3.3,Northwestern Great Plains,67.31541442871094
9.3.3,Northwestern Great Plains,82.37884521484375
9.3.3,Northwestern Great Plains,88.1627197265625
9.3.3,Northwestern Great Plains,56.8039665222168
9.3.3,Northwestern Great Plains,77.93914794921875
9.3.3,Northwestern Great Plains,75.4204330444336
9.3.3,Northwestern Great Plains,58.8792724609375
9.3.3,Northwestern Great Plains,34.72494888305664
9.3.3,Northwestern Great Plains,68.00713348388672
9.3.3,Northwestern Great Plains,42.161705017089844
9.3.3,Northwestern Great Plains,76.5377426147461
9.3.3,Northwestern Great Plains,66.27584075927734
9.3.3,Northwestern Great Plains,67.53990173339844
9.3.3,Northwestern Great Plains,53.52082824707031
9.3.3,Northwestern Great Plains,88.55892181396484
9.3.3,Northwestern Great Plains,67.36629486083984
9.3.3,Northwestern Great Plains,73.59986877441406
9.3.4,Nebraska Sand Hills,109.71320343017578
9.3.4,Nebraska Sand Hills,108.46401977539062
9.3.4,Nebraska Sand Hills,109.40911865234375
9.3.4,Nebraska Sand Hills,90.87327575683594
9.3.4,Nebraska Sand Hills,102.93380737304688
9.3.4,Nebraska Sand Hills,114.94999694824219
9.3.4,Nebraska Sand Hills,101.9779052734375
9.3.4,Nebraska Sand Hills,103.17420196533203
9.3.4,Nebraska Sand Hills,112.12960052490234
9.4.1,High Plains,46.298789978027344
9.4.1,High Plains,82.250640869140625
9.4.1,High Plains,61.37361145019531
9.4.1,High Plains,82.26227569580078
9.4.1,High Plains,41.82047653198242
9.4.1,High Plains,67.52629852294922
9.4.1,High Plains,86.1634292602539
9.4.1,High Plains,49.04384231567383
9.4.1,High Plains,71.38861083984375
9.4.1,High Plains,88.47460174560547
9.4.1,High Plains,74.30268096923828
9.4.1,High Plains,75.62169647216797
9.4.1,High Plains,47.56039047241211
9.4.1,High Plains,90.85124969482422
9.4.1,High Plains,92.7753677368164
9.4.1,High Plains,89.76580810546875
9.4.1,High Plains,79.730621337890625
9.4.1,High Plains,78.63443756103516
9.4.1,High Plains,78.41889190673828
9.4.1,High Plains,55.38204574584961
9.4.1,High Plains,57.7334098815918
9.4.1,High Plains,62.61280822753906
9.4.1,High Plains,53.66097640991211
9.4.1,High Plains,48.28904724121094
9.4.1,High Plains,82.805908203125
9.4.1,High Plains,66.73335266113281
9.4.1,High Plains,56.171653747558594
9.4.1,High Plains,101.59659576416016
9.4.1,High Plains,48.804115295410156
9.4.1,High Plains,66.27007293701172
9.4.1,High Plains,82.7686767578125
9.4.1,High Plains,62.84588623046875
9.4.1,High Plains,47.85737228393555
9.4.1,High Plains,74.78022766113281
9.4.1,High Plains,71.24149322509766
9.4.1,High Plains,71.58903503417969
9.4.1,High Plains,84.24459075927734
9.4.1,High Plains,103.6906967163086
9.4.1,High Plains,81.18382263183594
9.4.1,High Plains,86.79132843017578
9.4.1,High Plains,90.262481689453125
9.4.1,High Plains,74.3489990234375
9.4.1,High Plains,64.72960662841797
9.4.1,High Plains,92.81962585449219
9.4.1,High Plains,99.50636291503906
9.4.1,High Plains,76.34001159667969
9.4.1,High Plains,81.47056579589844
9.4.1,High Plains,56.276573181152344
9.4.1,High Plains,93.57547760009766
9.4.1,High Plains,75.91661071777344
9.4.1,High Plains,73.90126037597656
9.4.1,High Plains,65.53199768066406
9.4.1,High Plains,87.640472412109375
9.4.1,High Plains,91.19129943847656
9.4.1,High Plains,90.56572723388672
9.4.1,High Plains,74.7070541381836
9.4.1,High Plains,69.1595687866211
9.4.1,High Plains,90.37870025634766
9.4.1,High Plains,90.56098175048828
9.4.1,High Plains,77.590667724609375
9.4.1,High Plains,77.3607406616211
9.4.1,High Plains,68.68738555908203
9.4.1,High Plains,92.87174224853516
9.4.1,High Plains,84.1778793334961
9.4.1,High Plains,73.7534408569336
9.4.1,High Plains,65.73640441894531
9.4.1,High Plains,71.309417724609375
9.4.1,High Plains,69.53148651123047
9.4.1,High Plains,84.0269546508789
9.4.1,High Plains,67.91419219970703
9.4.1,High Plains,69.4813461303711
9.4.1,High Plains,65.5576171875
9.4.1,High Plains,68.515838623046875
9.4.1,High Plains,69.82472229003906
9.4.2,Central Great Plains,101.76251220703125
9.4.2,Central Great Plains,115.1314697265625
9.4.2,Central Great Plains,114.86869812011719
9.4.2,Central Great Plains,115.78968048095703
9.4.2,Central Great Plains,37.92531204223633
9.4.2,Central Great Plains,116.02114868164062
9.4.2,Central Great Plains,82.63300323486328
9.4.2,Central Great Plains,29.119104385375977
9.4.2,Central Great Plains,76.930023193359375
9.4.2,Central Great Plains,31.226011276245117
9.4.2,Central Great Plains,114.00289154052734
9.4.2,Central Great Plains,60.30253219604492
9.4.2,Central Great Plains,116.3348388671875
9.4.2,Central Great Plains,91.84314727783203
9.4.2,Central Great Plains,75.8098373413086
9.4.2,Central Great Plains,84.61864471435547
9.4.2,Central Great Plains,97.88341522216797
9.4.2,Central Great Plains,68.1354751586914
9.4.2,Central Great Plains,78.8839111328125
9.4.2,Central Great Plains,84.64701080322266
9.4.2,Central Great Plains,83.07810974121094
9.4.2,Central Great Plains,66.593994140625
9.4.2,Central Great Plains,75.24919128417969
9.4.2,Central Great Plains,101.84729766845703
9.4.2,Central Great Plains,70.08818054199219
9.4.2,Central Great Plains,77.6391372680664
9.4.2,Central Great Plains,97.69829559326172
9.4.2,Central Great Plains,78.324371337890625
9.4.2,Central Great Plains,78.35368347167969
9.4.2,Central Great Plains,76.19355773925781
9.4.2,Central Great Plains,74.60888671875
9.4.3,Southwestern Tablelands,65.49456024169922
9.4.3,Southwestern Tablelands,77.12488555908203
9.4.3,Southwestern Tablelands,43.07216262817383
9.4.3,Southwestern Tablelands,56.22517395019531
9.4.3,Southwestern Tablelands,51.333683013916016
9.4.3,Southwestern Tablelands,46.13880920410156
9.4.3,Southwestern Tablelands,55.70310974121094
9.4.3,Southwestern Tablelands,62.8935661315918
9.4.3,Southwestern Tablelands,88.88731384277344
9.4.3,Southwestern Tablelands,50.8752326965332
9.4.3,Southwestern Tablelands,37.55561065673828
9.4.3,Southwestern Tablelands,61.250850677490234
9.4.3,Southwestern Tablelands,54.16495895385742
9.4.3,Southwestern Tablelands,55.74294662475586
9.4.3,Southwestern Tablelands,29.883058547973633
9.4.3,Southwestern Tablelands,58.86335754394531
9.4.3,Southwestern Tablelands,70.567108154296875
9.4.3,Southwestern Tablelands,63.40423583984375
9.4.3,Southwestern Tablelands,63.280147552490234
9.4.3,Southwestern Tablelands,86.6873550415039
9.4.3,Southwestern Tablelands,87.64710998535156
9.4.3,Southwestern Tablelands,63.20548629760742
9.4.3,Southwestern Tablelands,55.538761138916016
9.4.3,Southwestern Tablelands,71.01335144042969
9.4.3,Southwestern Tablelands,67.85137939453125
9.4.3,Southwestern Tablelands,67.69332122802734
9.4.3,Southwestern Tablelands,100.68535614013672
9.4.3,Southwestern Tablelands,67.78736877441406
9.4.3,Southwestern Tablelands,70.17889404296875
9.4.3,Southwestern Tablelands,69.608795166015625
9.4.3,Southwestern Tablelands,56.892356872558594
9.4.3,Southwestern Tablelands,35.91756057739258
9.4.3,Southwestern Tablelands,79.81954193115234
9.4.3,Southwestern Tablelands,93.404327392578125
9.4.3,Southwestern Tablelands,57.60024642944336
9.4.3,Southwestern Tablelands,47.14670944213867
9.4.3,Southwestern Tablelands,55.65452575683594
9.4.3,Southwestern Tablelands,56.58864974975586
9.4.3,Southwestern Tablelands,62.758018493652344
9.4.3,Southwestern Tablelands,60.4681396484375
9.4.3,Southwestern Tablelands,99.48470306396484
9.4.3,Southwestern Tablelands,56.46991729736328
9.4.3,Southwestern Tablelands,58.37953567504883
9.4.3,Southwestern Tablelands,56.46281433105469
9.4.3,Southwestern Tablelands,55.3902473449707
9.4.3,Southwestern Tablelands,50.591861724853516
9.4.3,Southwestern Tablelands,59.987796783447266
9.4.3,Southwestern Tablelands,55.63129806518555
9.4.3,Southwestern Tablelands,102.97846221923828
9.4.3,Southwestern Tablelands,91.7044677734375
9.4.3,Southwestern Tablelands,90.57606506347656
9.4.3,Southwestern Tablelands,93.21025085449219
9.4.3,Southwestern Tablelands,61.92144775390625
9.4.3,Southwestern Tablelands,55.99944305419922
9.4.4,Flint Hills,121.96424102783203
9.4.5,Cross Timbers,79.28630828857422
9.4.5,Cross Timbers,37.87626266479492
9.4.5,Cross Timbers,47.42098617553711
9.4.5,Cross Timbers,52.283077239990234
9.4.5,Cross Timbers,58.32898712158203
9.4.5,Cross Timbers,60.98270797729492
9.4.5,Cross Timbers,48.31770706176758
9.4.5,Cross Timbers,34.236289978027344
9.4.5,Cross Timbers,41.22465896606445
9.4.6,Edwards Plateau,26.843263626098633
9.4.6,Edwards Plateau,33.19178009033203
9.4.6,Edwards Plateau,44.58216094970703
9.4.6,Edwards Plateau,43.13412857055664
9.4.6,Edwards Plateau,27.306476593017578
9.4.7,Texas Blackland Prairies,55.265052795410156
9.4.7,Texas Blackland Prairies,55.05757141113281
9.4.7,Texas Blackland Prairies,50.278099060058594
9.4.7,Texas Blackland Prairies,58.0832405090332
9.6.1,Southern Texas Plains/Interior Plains and Hills with Xerophytic Shrub and Oak Forest,30.364789962768555
9.6.1,Southern Texas Plains/Interior Plains and Hills with Xerophytic Shrub and Oak Forest,28.796411514282227
9.6.1,Southern Texas Plains/Interior Plains and Hills with Xerophytic Shrub and Oak Forest,34.63161087036133
9.6.1,Southern Texas Plains/Interior Plains and Hills with Xerophytic Shrub and Oak Forest,39.39702606201172
