site_no,station_nm,dec_lat_va,dec_long_va,dec_coord_datum_cd,alt_va,alt_datum_cd,huc_cd,begin_date,end_date,count_nu,us_l3code,us_l3name,geometry
07295500,"Tierra Blanca Ck abv Buffalo Lk nr Umbarger, TX",34.84867146,-102.1760295,NAD83,3648.2,NGVD29,11120101,1937-05-30,2023-05-27,43,25,High Plains,"c(-102.1760295, 34.84867146)"
07298000,"N Tule Draw at Res nr Tulia, TX",34.55950499,-101.7096254,NAD83,3310,NGVD29,11120104,1941-06-06,1972-10-30,33,25,High Plains,"c(-101.7096254, 34.55950499)"
07298150,"Rock Ck Trib nr Silverton, TX",34.47800556,-101.4299667,NAD83,3237,NAVD88,11120104,1966-08-24,2020-01-01,23,25,High Plains,"c(-101.4299667, 34.47800556)"
08079300,"BLACKWATER DRAW TRIB NR FLOYD, NM",34.2478551,-103.748018,NAD83,4340,NGVD29,12050001,1963-01-01,1999-05-01,32,25,High Plains,"c(-103.748018, 34.2478551)"
08080600,"RUNNING WATER DRAW NEAR CLOVIS, NM",34.5308333,-103.1997222,NAD83,4250,NAVD88,12050005,1953-01-01,2019-06-10,65,25,High Plains,"c(-103.1997222, 34.5308333)"
08080700,"Running Water Draw at Plainview, TX",34.17896048,-101.7026748,NAD83,3341.11,NGVD29,12050005,1939-01-09,2023-05-27,58,25,High Plains,"c(-101.7026748, 34.17896048)"
08080750,"Callahan Draw nr Lockney, TX",33.9974333,-101.5488417,NAD83,3245,NAVD88,12050006,1966-08-24,2020-01-01,24,25,High Plains,"c(-101.5488417, 33.9974333)"
08123620,"Sulphur Spgs Draw nr Wellman, TX",33.05933333,-102.4153056,NAD83,3332,NAVD88,12080006,1966-08-24,2019-11-06,23,25,High Plains,"c(-102.4153056, 33.05933333)"
08123650,"Beals Ck abv Big Spring, TX",32.25039797,-101.4909581,NAD83,2400.02,NGVD29,12080007,1959-07-12,1979-07-19,21,25,High Plains,"c(-101.4909581, 32.25039797)"
08385530,"ALAMOSA CREEK TRIBUTARY NEAR JORDAN, NM",34.79527778,-103.9686111,NAD83,4910,NGVD29,13060004,1962-09-19,2019-09-13,50,25,High Plains,"c(-103.9686111, 34.79527778)"
07226300,"CARRIZO CREEK NEAR ROY, NM",36.04805556,-103.9636111,NAD83,5450,NGVD29,11080007,1955-05-18,2019-07-22,61,25,High Plains,"c(-103.9636111, 36.04805556)"
06443300,"DEEP CREEK NEAR GLEN, NEBR",42.61024417,-103.5565958,NAD83,NA,NA,10140201,1953-08-15,1978-03-10,26,25,High Plains,"c(-103.5565958, 42.61024417)"
06443700,"SOLDIERS CREEK NEAR CRAWFORD, NEBR.",42.68830094,-103.5363156,NAD83,NA,NA,10140201,1955-09-20,1978-03-18,24,25,High Plains,"c(-103.5363156, 42.68830094)"
06445530,"CHADRON C TRIB A CHADRON ST PARK NR CHADRON,",42.69691448,-103.002962,NAD83,NA,NA,10140201,1953-01-01,1978-03-20,26,25,High Plains,"c(-103.002962, 42.69691448)"
06445560,"CHADRON C A CHADRON STATE PARK NR CHADRON, NE",42.70747035,-103.0096288,NAD83,NA,NA,10140201,1953-07-16,1978-03-10,26,25,High Plains,"c(-103.0096288, 42.70747035)"
06445980,WHITE CLAY CR NEAR OGLALA SD,43.14651127,-102.6833116,NAD83,3001.54,NGVD29,10140201,1966-03-12,2022-03-16,51,25,High Plains,"c(-102.6833116, 43.14651127)"
06454000,NIOBRARA RIVER AT WYO-NEBR. STATE LINE,42.65666667,-104.0591667,NAD83,4687.7,NGVD29,10150002,1956-02-24,1994-03-11,39,25,High Plains,"c(-104.0591667, 42.65666667)"
06454100,"Niobrara River at Agate, Nebr.",42.4236111,-103.7922222,NAD83,4405,NGVD29,10150002,1958-07-19,1992-03-05,35,25,High Plains,"c(-103.7922222, 42.4236111)"
06454500,"NIOBRARA RIVER ABOVE BOX BUTTE RESERVOIR, NE",42.4597222,-103.1711111,NAD83,4012.47,NGVD29,10150002,1947-06-17,1994-03-07,48,25,High Plains,"c(-103.1711111, 42.4597222)"
06455500,NIOBRARA RIVER BELOW BOX BUTTE RESERVOIR NEBR,42.45638889,-103.0688889,NAD83,3950.08,NGVD29,10150003,1947-08-09,1993-07-24,47,25,High Plains,"c(-103.0688889, 42.45638889)"
06455900,"NIOBRARA RIVER NEAR DUNLAP, NEBR.",42.46246306,-102.9240799,NAD83,3870,NGVD29,10150003,1931-08-06,1971-07-16,22,25,High Plains,"c(-102.9240799, 42.46246306)"
06456200,"PEBBLE CREEK NEAR ESTHER, NEBR.",42.5938555,-103.0657447,NAD83,NA,NA,10150003,1953-07-28,1978-03-10,26,25,High Plains,"c(-103.0657447, 42.5938555)"
06456400,"COTTONWOOD CREEK NEAR DUNLAP, NEBR.",42.49135216,-102.9693552,NAD83,3945,NGVD29,10150003,1948-06-17,1978-03-09,29,25,High Plains,"c(-102.9693552, 42.49135216)"
06457200,"BEREA CREEK NEAR ALLIANCE, NEBR.",42.13885598,-102.8618668,NAD83,3938,NGVD29,10150003,1953-08-18,1978-03-10,26,25,High Plains,"c(-102.8618668, 42.13885598)"
06457800,"ANTELOPE CREEK TRI NEAR GORDON, NEBR.",42.8324968,-102.2029385,NAD83,3950,NGVD29,10150003,1953-07-29,1978-03-18,26,25,High Plains,"c(-102.2029385, 42.8324968)"
06652400,"WATKINS DRAW NEAR LOST SPRINGS, WY",42.75552335,-104.9588589,NAD83,5200,NGVD29,10180008,1960-06-05,1984-05-01,25,25,High Plains,"c(-104.9588589, 42.75552335)"
06655000,"COTTONWOOD CREEK AT WENDOVER, WY",42.3258025,-104.8763574,NAD83,4450,NGVD29,10180008,1929-06-01,1974-04-19,24,25,High Plains,"c(-104.8763574, 42.3258025)"
06656000,"NORTH PLATTE RIVER BELOW GUERNSEY RESERVOIR, WY",42.28052427,-104.7546868,NAD83,4340,NGVD29,10180008,1903-06-21,1998-07-01,96,25,High Plains,"c(-104.7546868, 42.28052427)"
06657000,"NORTH PLATTE RIVER BELOW WHALEN DIVERSION DAM, WY",42.2410233,-104.6279601,NAD83,4280,NGVD29,10180009,1909-06-03,2023-09-10,108,25,High Plains,"c(-104.6279601, 42.2410233)"
06664400,"SYBILLE CREEK AB MULE CREEK, NEAR WHEATLAND, WY",41.8441388,-105.2213685,NAD83,5340,NGVD29,10180011,1974-04-27,2016-05-08,42,25,High Plains,"c(-105.2213685, 41.8441388)"
06664500,"SYBILLE CREEK AB BLUEGRASS CR, NR WHEATLAND, WY",41.8680274,-105.2122017,NAD83,5246,NGVD29,10180011,1941-07-04,1968-05-05,28,25,High Plains,"c(-105.2122017, 41.8680274)"
06665790,"SYBILLE CREEK AB CANAL NO. 3, NEAR WHEATLAND, WY",41.91108235,-105.1271994,NAD83,5040,NGVD29,10180011,1980-04-23,2016-05-09,37,25,High Plains,"c(-105.1271994, 41.91108235)"
06667500,"NORTH LARAMIE RIVER NEAR WHEATLAND, WY",42.16608108,-105.2069244,NAD83,4840,NGVD29,10180011,1915-05-31,1974-04-27,42,25,High Plains,"c(-105.2069244, 42.16608108)"
06670500,"LARAMIE RIVER NEAR FORT LARAMIE, WY",42.20052277,-104.5382908,NAD83,4220,NGVD29,10180011,1915-07-27,2023-07-05,107,25,High Plains,"c(-104.5382908, 42.20052277)"
06671000,"RAWHIDE CREEK NEAR LINGLE, WYO.",42.12552095,-104.3271743,NAD83,4160,NGVD29,10180009,1929-06-02,1992-07-01,64,25,High Plains,"c(-104.3271743, 42.12552095)"
06672500,"CHERRY CREEK DRAIN NR TORRINGTON, WYO.",42.0394091,-104.1691168,NAD83,4080,NGVD29,10180009,1935-06-01,1992-07-02,58,25,High Plains,"c(-104.1691168, 42.0394091)"
06673500,"KATZER DRAIN NEAR HENRY, NEBR.",41.97913148,-104.0713382,NAD83,4040,NGVD29,10180009,1929-06-02,1992-07-02,64,25,High Plains,"c(-104.0713382, 41.97913148)"
06674500,NORTH PLATTE RIVER AT WYOMING-NEBRASKA STATE LINE,41.9885755,-104.0532823,NAD83,4025,NGVD29,10180009,1929-06-02,2023-09-12,95,25,High Plains,"c(-104.0532823, 41.9885755)"
06675300,"HORSE CREEK TRIBUTARY NEAR LITTLE BEAR, WY",41.4558111,-104.883859,NAD83,6240,NGVD29,10180012,1961-05-14,1981-07-12,21,25,High Plains,"c(-104.883859, 41.4558111)"
06677500,"HORSE CREEK NEAR LYMAN, NE",41.93916667,-103.9877778,NAD83,3992.84,NGVD29,10180012,1930-10-02,1998-05-10,68,25,High Plains,"c(-103.9877778, 41.93916667)"
06678000,"SHEEP CREEK NEAR MORRILL, NEBR.",41.97027778,-103.9538889,NAD83,3995.04,NGVD29,10180009,1933-04-20,1998-09-25,66,25,High Plains,"c(-103.9538889, 41.97027778)"
06679000,"DRY SPOTTEDTAIL CREEK AT MITCHELL, NEBR.",41.9486111,-103.8341667,NAD83,3943.75,NGVD29,10180009,1949-06-08,1979-07-24,31,25,High Plains,"c(-103.8341667, 41.9486111)"
06679500,"NORTH PLATTE RIVER AT MITCHELL, NEBR.",41.92694444,-103.8136111,NAD83,3928.3,NGVD29,10180009,1901-06-15,1998-04-07,93,25,High Plains,"c(-103.8136111, 41.92694444)"
06680000,"TUB SPRINGS NEAR SCOTTSBLUFF, NEBR.",41.915,-103.7158333,NAD83,3926.54,NGVD29,10180009,1949-06-06,1979-07-26,31,25,High Plains,"c(-103.7158333, 41.915)"
06681000,"WINTERS CREEK NEAR SCOTTSBLUFF, NEBR.",41.8522222,-103.6263889,NAD83,3860.8,NGVD29,10180009,1932-09-21,1979-07-26,48,25,High Plains,"c(-103.6263889, 41.8522222)"
06681500,"GERING DRAIN NEAR GERING, NEBR.",41.82194444,-103.6183333,NAD83,3850.62,NGVD29,10180009,1933-07-05,1993-08-21,58,25,High Plains,"c(-103.6183333, 41.82194444)"
06682000,"NORTH PLATTE RIVER NEAR MINATARE, NEBR. (TOTFLO)",41.79027778,-103.5186111,NAD83,3810.7,NGVD29,10180009,1908-06-04,1993-08-21,79,25,High Plains,"c(-103.5186111, 41.79027778)"
06684000,"RED WILLOW CREEK NEAR BAYARD, NEBR.",41.71388889,-103.2533333,NAD83,3716.29,NGVD29,10180009,1932-05-20,1979-07-27,48,25,High Plains,"c(-103.2533333, 41.71388889)"
06684500,"NORTH PLATTE RIVER AT BRIDGEPORT, NE (TOTFLO)",41.6772222,-103.0963889,NAD83,3656.14,NGVD29,10180009,1897-06-06,1993-08-22,88,25,High Plains,"c(-103.0963889, 41.6772222)"
06685000,"PUMPKIN CREEK NEAR BRIDGEPORT, NEBR.",41.62666667,-103.0366667,NAD83,3635.99,NGVD29,10180013,1921-06-01,1993-05-11,63,25,High Plains,"c(-103.0366667, 41.62666667)"
06686000,"NORTH PLATTE RIVER AT LISCO, NEBR.",41.4886111,-102.6258333,NAD83,3475.5,NGVD29,10180009,1916-05-22,1998-03-31,69,25,High Plains,"c(-102.6258333, 41.4886111)"
06686500,NORTH PLATTE R AT OSHKOSH NEBR,41.3822222,-102.3480556,NAD83,3369.6,NGVD29,10180009,1916-05-25,1959-11-23,34,25,High Plains,"c(-102.3480556, 41.3822222)"
06687000,"BLUE CREEK NEAR LEWELLEN, NEBR.",41.33694444,-102.1747222,NAD83,3310.04,NGVD29,10180009,1930-10-04,1993-05-06,63,25,High Plains,"c(-102.1747222, 41.33694444)"
06687500,NORTH PLATTE RIVER AT LEWELLEN NEBR,41.31666667,-102.1258333,NAD83,3285.88,NGVD29,10180009,1941-06-14,1993-08-24,53,25,High Plains,"c(-102.1258333, 41.31666667)"
06690500,"NORTH PLATTE RIVER NEAR KEYSTONE, NEBR.",41.2108333,-101.6322222,NAD83,3105.59,NGVD29,10180014,1917-06-30,1994-08-22,54,25,High Plains,"c(-101.6322222, 41.2108333)"
06691000,NORTH PLATTE R NR SUTHERLAND NEBR,41.21,-101.1172222,NAD83,2920,NGVD29,10180014,1908-06-04,1992-07-11,61,25,High Plains,"c(-101.1172222, 41.21)"
06709530,"PLUM CREEK AT TITAN ROAD NEAR LOUVIERS, CO",39.50736944,-105.0244667,NAD83,5522.61,NAVD88,10190002,1984-05-15,2023-05-12,40,25,High Plains,"c(-105.0244667, 39.50736944)"
06709740,"LEE GULCH AT LITTLETON, CO",39.5961111,-105.0160278,NAD83,5365,NGVD29,10190002,1981-01-01,2023-06-22,42,25,High Plains,"c(-105.0160278, 39.5961111)"
06709910,"DUTCH CR AT PLATTE CANYON DRIVE NEAR LITTLETON, CO",39.6001111,-105.0419222,NAD83,5360,NGVD29,10190002,1985-01-01,2023-06-22,38,25,High Plains,"c(-105.0419222, 39.6001111)"
06710000,"SOUTH PLATTE RIVER AT LITTLETON, CO.",39.6188766,-105.0191499,NAD83,5304.36,NGVD29,10190002,1942-04-23,1986-07-04,45,25,High Plains,"c(-105.0191499, 39.6188766)"
06710247,"SOUTH PLATTE RIVER BELOW UNION AVE, AT ENGLEWOOD,C",39.6324876,-105.014983,NAD83,5290,NGVD29,10190002,1996-05-26,2023-06-22,28,25,High Plains,"c(-105.014983, 39.6324876)"
06711305,WEAVER CREEK NEAR LAKEWOOD. CO,39.63693217,-105.1302644,NAD83,5630,NGVD29,10190002,1982-01-01,2003-07-26,22,25,High Plains,"c(-105.1302644, 39.63693217)"
06711500,"BEAR CREEK AT MOUTH AT SHERIDAN, CO",39.6522097,-105.033039,NAD83,5295,NGVD29,10190002,1927-08-14,2007-05-01,81,25,High Plains,"c(-105.033039, 39.6522097)"
06711515,"LITTLE DRY CREEK NR ARAPAHOE RD AT CENTENNIAL, CO",39.5937361,-104.9065,NAD83,5600,NGVD29,10190002,1985-07-19,2023-06-22,38,25,High Plains,"c(-104.9065, 39.5937361)"
06711535,"WILLOW CREEK AT DRY CR. RD. NEAR ENGLEWOOD, CO",39.580266,-104.9122018,NAD83,5605,NGVD29,10190002,1985-01-01,2007-04-24,23,25,High Plains,"c(-104.9122018, 39.580266)"
06711555,"LITTLE DRY CREEK ABOVE ENGLEWOOD, CO",39.6491542,-104.9788705,NAD83,5420,NGVD29,10190002,1982-01-01,2023-06-22,41,25,High Plains,"c(-104.9788705, 39.6491542)"
06711565,"SOUTH PLATTE RIVER AT ENGLEWOOD, CO.",39.66498738,-105.004149,NAD83,5250,NGVD29,10190002,1983-08-05,2023-06-22,41,25,High Plains,"c(-105.004149, 39.66498738)"
06711570,"HARVARD GULCH AT COLORADO BLVD. AT DENVER, CO",39.66920278,-104.9425083,NAD83,5400,NGVD29,10190002,1981-05-28,2023-07-04,42,25,High Plains,"c(-104.9425083, 39.66920278)"
06711572,"HARVARD GULCH BLW. UNIVERSITY BLVD. AT DENVER, CO",39.6694361,-104.9599306,NAD83,5350,NGVD29,10190002,1981-07-26,2001-07-08,21,25,High Plains,"c(-104.9599306, 39.6694361)"
06711575,"HARVARD GULCH AT HARVARD PARK AT DENVER, CO",39.6717222,-104.9770278,NAD83,5320,NGVD29,10190002,1981-05-28,2023-07-04,43,25,High Plains,"c(-104.9770278, 39.6717222)"
06711600,"SANDERSON GULCH TRIBUTARY AT LAKEWOOD, CO",39.68859849,-105.0822069,NAD83,5515,NGVD29,10190002,1969-08-05,2002-09-12,33,25,High Plains,"c(-105.0822069, 39.68859849)"
06711618,"WEIR GULCH UPSTREAM FROM 1ST AVE. AT DENVER, CO",39.7172472,-105.0420111,NAD83,5295,NGVD29,10190002,1987-01-01,2023-06-22,36,25,High Plains,"c(-105.0420111, 39.7172472)"
06711770,"DRY GULCH AT DENVER, CO",39.734375,-105.0395556,NAD83,5250,NGVD29,10190002,1981-05-03,2023-06-29,42,25,High Plains,"c(-105.0395556, 39.734375)"
06711780,"LAKEWOOD GULCH AT DENVER, CO",39.73519444,-105.0313611,NAD83,5220,NGVD29,10190002,1981-05-03,2023-06-22,42,25,High Plains,"c(-105.0313611, 39.73519444)"
06712500,"CHERRY CREEK NEAR MELVIN, CO",39.6049883,-104.8224759,NAD83,5608.21,NGVD29,10190003,1933-08-03,1969-08-21,31,25,High Plains,"c(-104.8224759, 39.6049883)"
06713000,"CHERRY CREEK BELOW CHERRY CREEK LAKE, CO",39.65359899,-104.8630326,NAD83,5487.51,NGVD29,10190003,1950-07-25,2023-06-29,64,25,High Plains,"c(-104.8630326, 39.65359899)"
06713500,"CHERRY CREEK AT DENVER, CO.",39.74248685,-104.9999817,NAD83,5189.79,NAVD88,10190003,1885-07-26,2023-05-11,73,25,High Plains,"c(-104.9999817, 39.74248685)"
06714000,"SOUTH PLATTE RIVER AT DENVER, CO.",39.75945556,-105.0040028,NAD83,5157.64,NGVD29,10190003,1895-08-02,2007-05-14,110,25,High Plains,"c(-105.0040028, 39.75945556)"
06714215,"SOUTH PLATTE R AT 64TH AVE. COMMERCE CITY, CO.",39.81220846,-104.9583129,NAD83,5105,NGVD29,10190003,1982-08-05,2023-06-29,42,25,High Plains,"c(-104.9583129, 39.81220846)"
06714260,"WESTERLY CREEK AT AURORA, CO",39.74526498,-104.8805324,NAD83,5315,NGVD29,10190003,1982-01-01,2005-06-03,24,25,High Plains,"c(-104.8805324, 39.74526498)"
06714310,"SAND CREEK TRIBUTARY AT DENVER, CO.",39.78526457,-104.842475,NAD83,NA,NA,10190003,1971-07-25,1992-07-15,21,25,High Plains,"c(-104.842475, 39.78526457)"
06719560,"LENA GULCH AT LAKEWOOD, CO",39.74040278,-105.1488333,NAD83,5610,NGVD29,10190004,1973-10-12,2023-06-22,43,25,High Plains,"c(-105.1488333, 39.74040278)"
06719840,"LITTLE DRY CREEK AT WESTMINSTER, CO",39.82655278,-105.0400639,NAD83,5275,NGVD29,10190004,1982-01-01,2023-07-04,40,25,High Plains,"c(-105.0400639, 39.82655278)"
06720000,"CLEAR CREEK AT MOUTH NEAR DERBY, CO",39.8283194,-104.9588684,NAD83,5110,NGVD29,10190004,1914-06-02,1982-07-01,57,25,High Plains,"c(-104.9588684, 39.8283194)"
06720500,"SOUTH PLATTE RIVER AT HENDERSON, CO",39.92192936,-104.868864,NAD83,5001.25,NAVD88,10190003,1926-06-14,2007-04-25,82,25,High Plains,"c(-104.868864, 39.92192936)"
06720820,"BIG DRY CREEK AT WESTMINSTER, CO",39.90568056,-105.0353889,NAD83,5215,NGVD29,10190003,1987-08-23,2023-05-12,36,25,High Plains,"c(-105.0353889, 39.90568056)"
06720990,"BIG DRY CREEK AT MOUTH NEAR FORT LUPTON, CO",40.0688333,-104.8319861,NAD83,4900,NGVD29,10190003,1992-08-25,2023-05-12,32,25,High Plains,"c(-104.8319861, 40.0688333)"
06721000,"SOUTH PLATTE RIVER AT FORT LUPTON, CO.",40.11609435,-104.8185831,NAD83,4860,NGVD29,10190003,1929-08-09,2023-05-12,50,25,High Plains,"c(-104.8185831, 40.11609435)"
06725450,"ST. VRAIN CREEK BELOW LONGMONT, CO",40.1574222,-105.0153944,NAD83,4852,NGVD29,10190005,1977-07-25,2015-05-09,35,25,High Plains,"c(-105.0153944, 40.1574222)"
06730200,"BOULDER CREEK AT NORTH 75TH ST. NEAR BOULDER, CO",40.05165184,-105.1788754,NAD83,5106,NGVD29,10190005,1987-06-09,2023-06-12,37,25,High Plains,"c(-105.1788754, 40.05165184)"
06730500,"BOULDER CREEK AT MOUTH NEAR LONGMONT, CO",40.13877778,-105.0202222,NAD83,4860,NGVD29,10190005,1927-07-29,2023-05-12,72,25,High Plains,"c(-105.0202222, 40.13877778)"
06731000,"ST. VRAIN CREEK AT MOUTH, NEAR PLATTEVILLE, CO.",40.25803869,-104.879696,NAD83,4740,NGVD29,10190005,1905-06-11,1998-04-26,74,25,High Plains,"c(-104.879696, 40.25803869)"
06741510,"BIG THOMPSON RIVER AT LOVELAND, CO.",40.37873889,-105.0608167,NAD83,4910,NAVD88,10190006,1979-08-19,2023-06-17,45,25,High Plains,"c(-105.0608167, 40.37873889)"
06744000,"BIG THOMPSON RIVER AT MOUTH, NEAR LA SALLE, CO.",40.3499817,-104.7849693,NAD83,4680,NGVD29,10190006,1915-06-13,1981-05-28,56,25,High Plains,"c(-104.7849693, 40.3499817)"
06752260,"CACHE LA POUDRE RIVER AT FORT COLLINS, CO",40.5880833,-105.0692222,NAD83,4940,NGVD29,10190007,1975-06-19,2023-06-06,49,25,High Plains,"c(-105.0692222, 40.5880833)"
06752280,"CACHE LA POUDRE RIV AB BOXELDER CRK NR TIMNATH, CO",40.5519269,-105.011365,NAD83,4860,NGVD29,10190007,1980-05-25,2023-06-17,44,25,High Plains,"c(-105.011365, 40.5519269)"
06752500,"CACHE LA POUDRE RIVER NEAR GREELEY, CO.",40.41775868,-104.6399624,NAD83,4610,NGVD29,10190007,1903-06-11,1998-06-12,81,25,High Plains,"c(-104.6399624, 40.41775868)"
06754000,"SOUTH PLATTE RIVER NEAR KERSEY, CO",40.4119253,-104.5627366,NAD83,4578.02,NAVD88,10190003,1902-09-22,2007-04-26,104,25,High Plains,"c(-104.5627366, 40.4119253)"
06755960,"CROW CREEK AT 19TH STREET, AT CHEYENNE, WY",41.13109269,-104.8285796,NAD83,6050,NGVD29,10190009,1994-05-13,2017-05-26,24,25,High Plains,"c(-104.8285796, 41.13109269)"
06757000,"SOUTH PLATTE RIVER AT SUBLETTE, CO.",40.3038701,-104.179117,NAD83,4419.48,NGVD29,10190003,1926-04-23,1955-08-09,28,25,High Plains,"c(-104.179117, 40.3038701)"
06758500,"SOUTH PLATTE RIVER NEAR WELDONA, CO",40.32138889,-103.9202778,NAD83,4309.79,NAVD88,10190003,1953-06-22,2007-05-25,55,25,High Plains,"c(-103.9202778, 40.32138889)"
06759500,"SOUTH PLATTE RIVER AT FORT MORGAN, CO",40.26840278,-103.8011917,NAD83,4246.09,NAVD88,10190012,1935-05-31,2023-06-13,38,25,High Plains,"c(-103.8011917, 40.26840278)"
06760000,"SOUTH PLATTE RIVER AT BALZAC, CO.",40.406647,-103.4666092,NAD83,4091.06,NGVD29,10190012,1918-06-25,1980-05-18,63,25,High Plains,"c(-103.4666092, 40.406647)"
06761900,"LODGEPOLE CREEK TRIBUTARY NEAR PINE BLUFFS, WY",41.2563696,-104.0810627,NAD83,5300,NGVD29,10190015,1960-07-06,1981-07-02,22,25,High Plains,"c(-104.0810627, 41.2563696)"
06762500,"Lodgepole Creek at Bushnell, Nebr.",41.22777778,-103.8930556,NAD83,4843.31,NGVD29,10190016,1932-06-27,2022-07-08,81,25,High Plains,"c(-103.8930556, 41.22777778)"
06762600,"LODGEPOLE CREEK TRIBUTARY NO 2 NEAR ALBIN, WY",41.3197019,-104.0807854,NAD83,5330,NGVD29,10190016,1960-03-21,1984-07-31,25,25,High Plains,"c(-104.0807854, 41.3197019)"
06763500,"LODGEPOLE CREEK AT RALTON, NEBR.",41.0333333,-102.405,NAD83,3590,NGVD29,10190016,1931-03-23,1979-01-01,30,25,High Plains,"c(-102.405, 41.0333333)"
06764000,"SOUTH PLATTE RIVER AT JULESBURG, CO",40.97499276,-102.2518517,NAD83,3449.8,NAVD88,10190018,1902-09-29,2018-05-23,114,25,High Plains,"c(-102.2518517, 40.97499276)"
06764880,"South Platte River at Roscoe, Nebr.",41.1261111,-101.5766667,NAD83,3150,NGVD29,10190018,1983-07-02,2022-03-01,40,25,High Plains,"c(-101.5766667, 41.1261111)"
06765000,"SOUTH PLATTE RIVER AT PAXTON, NEBR.",41.11666667,-101.3561111,NAD83,3050,NAVD88,10190018,1940-06-07,1969-06-26,30,25,High Plains,"c(-101.3561111, 41.11666667)"
06821500,"Arikaree River nr Haigler, Nebr.",40.0178611,-101.9963056,NAD83,3272.22,NAVD88,10250001,1932-08-27,2022-04-23,91,25,High Plains,"c(-101.9963056, 40.0178611)"
06823000,North Fork Republican River at Colorado-Nebraska,40.06943516,-102.0512979,NAD83,3336.09,NGVD29,10250002,1931-04-01,2023-02-26,93,25,High Plains,"c(-102.0512979, 40.06943516)"
06823500,"Buffalo Creek near Haigler, Nebr.",40.03944444,-101.8666667,NAD83,3189,NGVD29,10250002,1941-07-11,2022-02-28,82,25,High Plains,"c(-101.8666667, 40.03944444)"
06824000,"Rock Creek at Parks, Nebr.",40.0422222,-101.7280556,NAD83,3093.35,NGVD29,10250002,1941-06-08,2022-07-29,82,25,High Plains,"c(-101.7280556, 40.0422222)"
06824500,"Republican River at Benkelman, Nebr.",40.03444444,-101.5427778,NAD83,2975.34,NGVD29,10250002,1895-07-01,2022-03-22,62,25,High Plains,"c(-101.5427778, 40.03444444)"
06825000,"SOUTH FORK REPUBLICAN RIVER NEAR IDALIA, CO.",39.61638215,-102.2426918,NAD83,3680,NGVD29,10250003,1935-05-31,1981-01-01,32,25,High Plains,"c(-102.2426918, 39.61638215)"
06825500,"LANDSMAN CREEK NEAR HALE, CO.",39.575549,-102.2521363,NAD83,3720,NGVD29,10250003,1951-07-12,1976-09-15,26,25,High Plains,"c(-102.2521363, 39.575549)"
06826500,"SOUTH FORK REPUBLICAN RIVER NEAR HALE, CO.",39.62388245,-102.163522,NAD83,3610,NGVD29,10250003,1947-05-28,1985-12-12,38,25,High Plains,"c(-102.163522, 39.62388245)"
06827000,"SF REPUBLICAN R NR CO-KS ST LINE, KS",39.67184444,-102.0132611,NAD83,3467.96,NAVD88,10250003,2002-08-29,2023-05-17,22,25,High Plains,"c(-102.0132611, 39.67184444)"
06827500,"South Fork Republican River near Benkelman, Nebr.",40.01027778,-101.5419444,NAD83,2989.91,NGVD29,10250003,1903-08-02,2022-01-01,92,25,High Plains,"c(-101.5419444, 40.01027778)"
06828500,"Republican River at Stratton, Nebr.",40.14055556,-101.2297222,NAD83,2775.49,NGVD29,10250004,1935-05-31,2022-03-01,74,25,High Plains,"c(-101.2297222, 40.14055556)"
06831000,"FRENCHMAN CREEK BELOW CHAMPION, NEBR.",40.46944444,-101.7230556,NAD83,3240,NGVD29,10250005,1935-05-28,1956-07-06,22,25,High Plains,"c(-101.7230556, 40.46944444)"
06831500,"FRENCHMAN CREEK NEAR IMPERIAL, NEBR.",40.43166667,-101.6269444,NAD83,3130,NGVD29,10250005,1941-01-30,1994-06-09,54,25,High Plains,"c(-101.6269444, 40.43166667)"
06832500,"FRENCHMAN CREEK NEAR ENDERS, NEBR.",40.42055556,-101.5122222,NAD83,3026.22,NGVD29,10250005,1946-09-12,1993-08-21,48,25,High Plains,"c(-101.5122222, 40.42055556)"
06833500,"FRENCHMAN CREEK NEAR HAMLET, NEBR.",40.37444444,-101.2113889,NAD83,2797.61,NGVD29,10250005,1929-06-06,1956-06-17,28,25,High Plains,"c(-101.2113889, 40.37444444)"
06834000,"Frenchman Creek at Palisade, Nebr.",40.35166667,-101.1236111,NAD83,2743.49,NGVD29,10250005,1895-06-01,2022-06-09,73,25,High Plains,"c(-101.1236111, 40.35166667)"
06835000,"STINKING WATER CREEK NEAR PALISADE, NEBR.",40.37305556,-101.1169444,NAD83,2740.99,NGVD29,10250006,1950-07-25,1994-07-14,45,25,High Plains,"c(-101.1169444, 40.37305556)"
06844700,"SF SAPPA C NR BREWSTER, KS",39.28528057,-101.4659983,NAD83,3440,NGVD29,10250010,1968-06-22,1989-06-28,22,25,High Plains,"c(-101.4659983, 39.28528057)"
06844800,"SF SAPPA C TR NR GOODLAND, KS",39.32055648,-101.6329476,NAD83,NA,NA,10250010,1957-05-16,1989-06-28,33,25,High Plains,"c(-101.6329476, 39.32055648)"
06847600,"PRAIRIE DOG C TR AT COLBY, KS",39.3911148,-101.0457105,NAD83,NA,NA,10250015,1957-07-13,2012-07-08,56,25,High Plains,"c(-101.0457105, 39.3911148)"
06858500,"NF SMOKY HILL R NR MCALLASTER, KS",39.01787498,-101.3479109,NAD83,3070.27,NGVD29,10260002,1947-05-16,1988-05-31,36,25,High Plains,"c(-101.3479109, 39.01787498)"
06858700,"NF SMOKY HILL R TR NR WINONA, KS",39.0308416,-101.2857149,NAD83,NA,NA,10260002,1957-06-30,1977-08-22,21,25,High Plains,"c(-101.2857149, 39.0308416)"
07134000,"BIG SANDY CR ABV AMITY CNL DIVERSN, NR KORNMAN, CO",38.21445366,-102.4801907,NAD83,3650,NGVD29,11020011,1941-07-14,2019-01-01,27,25,High Plains,"c(-102.4801907, 38.21445366)"
07134990,"WILD HORSE CREEK ABOVE HOLLY, CO",38.05702778,-102.1384722,NAD83,3405,NGVD29,11020009,1996-05-26,2023-07-08,28,25,High Plains,"c(-102.1384722, 38.05702778)"
07135500,"ARKANSAS RIVER AT HOLLY, CO.",38.04362258,-102.1196294,NAD83,3377.95,NGVD29,11020009,1908-06-16,2023-07-23,47,25,High Plains,"c(-102.1196294, 38.04362258)"
07136000,"WILD HORSE CREEK AT HOLLY, CO.",38.0458448,-102.1185183,NAD83,3380.36,NGVD29,11020009,1923-08-08,1950-09-17,25,25,High Plains,"c(-102.1185183, 38.0458448)"
07136500,"HOLLY DRAIN NEAR HOLLY, CO.",38.04529037,-102.0485161,NAD83,3351.97,NGVD29,11020009,1924-08-11,1950-07-20,27,25,High Plains,"c(-102.0485161, 38.04529037)"
07137500,"ARKANSAS R NR COOLIDGE, KS",38.0275129,-102.0115706,NAD83,3330.84,NGVD29,11030001,1903-06-11,2023-07-23,74,25,High Plains,"c(-102.0115706, 38.0275129)"
07138000,"ARKANSAS R AT SYRACUSE, KS",37.9661241,-101.7568387,NAD83,3209.32,NGVD29,11030001,1903-06-12,2023-07-24,108,25,High Plains,"c(-101.7568387, 37.9661241)"
07138020,"ARKANSAS R AT KENDALL, KS",37.930015,-101.5493371,NAD83,3118.79,NGVD29,11030001,1980-07-30,2023-07-25,27,25,High Plains,"c(-101.5493371, 37.930015)"
07138070,"ARKANSAS R AT DEERFIELD, KS",37.9697442,-101.1287794,NAD83,2920,NGVD29,11030001,1999-05-24,2023-07-14,24,25,High Plains,"c(-101.1287794, 37.9697442)"
07138600,"WHITE WOMAN C TR NR SELKIRK, KS",38.52501576,-101.6215572,NAD83,NA,NA,11030002,1957-06-27,2010-01-01,39,25,High Plains,"c(-101.6215572, 38.52501576)"
07138800,"LION C TR NR MODOC, KS",38.48002,-101.0629309,NAD83,NA,NA,11030002,1957-06-27,1977-08-07,21,25,High Plains,"c(-101.0629309, 38.48002)"
07139000,"ARKANSAS R AT GARDEN CITY, KS",37.9558565,-100.8773844,NAD83,2815.43,NGVD29,11030001,1923-06-18,NA,100,25,High Plains,"c(-100.8773844, 37.9558565)"
07139500,"ARKANSAS R AT DODGE CITY, KS",37.7447427,-100.0329126,NAD83,2469.64,NAVD88,11030003,1903-06-13,2006-10-01,68,25,High Plains,"c(-100.0329126, 37.7447427)"
07141400,"SF WALNUT CR TR NR DIGHTON, KS",38.4827944,-100.4154163,NAD83,NA,NA,11030007,1957-09-11,1977-08-05,21,25,High Plains,"c(-100.4154163, 38.4827944)"
07155590,"CIMARRON R NR ELKHART, KS",37.12196746,-101.8979456,NAD83,3376.89,NGVD29,11040002,1972-06-23,2023-06-22,45,25,High Plains,"c(-101.8979456, 37.12196746)"
07155900,"NF CIMARRON R TR NR ELKHART, KS",37.190856,-101.8987797,NAD83,NA,NA,11040003,1957-06-23,1989-01-01,33,25,High Plains,"c(-101.8987797, 37.190856)"
07156000,"NF CIMARRON R TR NR RICHFIELD, KS",37.31002227,-101.7721115,NAD83,NA,NA,11040003,1957-08-29,1977-05-18,21,25,High Plains,"c(-101.7721115, 37.31002227)"
07156220,"BEAR C NR JOHNSON, KS",37.62640445,-101.7615609,NAD83,3292.44,NGVD29,11040005,1967-05-31,1998-07-27,32,25,High Plains,"c(-101.7615609, 37.62640445)"
07156600,"CIMARRON R TR NR MOSCOW, KS",37.33530208,-101.0504428,NAD83,NA,NA,11040006,1957-09-11,1989-05-18,33,25,High Plains,"c(-101.0504428, 37.33530208)"
07156700,"CIMARRON R TR NR SATANTA, KS",37.27085636,-100.9271072,NAD83,NA,NA,11040006,1957-09-11,2010-06-12,53,25,High Plains,"c(-100.9271072, 37.27085636)"
07156900,"Cimarron River near Forgan, OK",37.0111372,-100.4918171,NAD83,2321.11,NAVD88,11040006,1938-01-01,2023-07-09,85,25,High Plains,"c(-100.4918171, 37.0111372)"
07157100,"CROOKED C NR COPELAND, KS",37.5653014,-100.5545975,NAD83,NA,NA,11040007,1957-06-23,1989-06-23,33,25,High Plains,"c(-100.5545975, 37.5653014)"
07227200,"TRAMPEROS CREEK NEAR STEAD, NM",36.0708333,-103.2033333,NAD83,4481.19,NGVD29,11090102,1965-06-17,2020-07-30,52,25,High Plains,"c(-103.2033333, 36.0708333)"
07227295,"SANDY ARROYO TRIB NEAR CLAYTON, NM",36.3889167,-103.3185554,NAD83,5110,NGVD29,11090103,1952-08-22,1996-01-01,43,25,High Plains,"c(-103.3185554, 36.3889167)"
07227300,"SAND DRAW NEAR CLAYTON, NM",36.3422222,-103.1841667,NAD83,4806,NAVD88,11090103,1984-01-01,2016-08-05,21,25,High Plains,"c(-103.1841667, 36.3422222)"
07232550,"South Fork Trib near Guymon, OK",36.66835964,-101.4987716,NAD83,NA,NA,11100101,1964-06-14,1985-01-01,22,25,High Plains,"c(-101.4987716, 36.66835964)"
393109104464500,"CHERRY CREEK NEAR PARKER, CO",39.5191557,-104.7796975,NAD83,5805,NGVD29,10190003,1992-07-12,2023-05-12,32,25,High Plains,"c(-104.7796975, 39.5191557)"
394839104570300,"SAND CREEK AT MOUTH NR COMMERCE CITY,CO",39.8109722,-104.9515833,NAD83,5120,NGVD29,10190003,1993-09-18,2023-05-11,30,25,High Plains,"c(-104.9515833, 39.8109722)"
06053050,Lost Creek near Ringling MT,46.260525,-110.7862111,NAD83,5340,NGVD29,10030101,1974-01-16,2023-04-10,50,43,Northwestern Great Plains,"c(-110.7862111, 46.260525)"
06065500,Missouri River bl Hauser Dam near Helena MT,46.76619167,-111.8887944,NAD83,3580,NAVD88,10030101,1923-05-28,2023-06-11,49,43,Northwestern Great Plains,"c(-111.8887944, 46.76619167)"
06076690,Smith River near Ft Logan MT,46.7958,-111.1785556,NAD83,4400,NGVD29,10030103,1978-03-22,2023-04-12,33,43,Northwestern Great Plains,"c(-111.1785556, 46.7958)"
06077500,Smith River near Eden MT,47.18929167,-111.3862389,NAD83,3520,NAVD88,10030103,1951-05-25,2023-05-06,39,43,Northwestern Great Plains,"c(-111.3862389, 47.18929167)"
06090500,Belt Creek near Monarch MT,47.2085944,-110.9317472,NAD83,3980,NAVD88,10030105,1952-05-04,2023-05-06,42,43,Northwestern Great Plains,"c(-110.9317472, 47.2085944)"
06090550,Little Otter Creek near Raynesford MT,47.25177778,-110.7315917,NAD83,4180,NGVD29,10030105,1974-01-01,2023-05-06,50,43,Northwestern Great Plains,"c(-110.7315917, 47.25177778)"
06110000,Judith River near Utica MT,46.8924111,-110.2314528,NAD83,4790,NGVD29,10040103,1920-06-18,2011-05-21,56,43,Northwestern Great Plains,"c(-110.2314528, 46.8924111)"
06111500,Big Spring Creek near Lewistown MT,47.0064611,-109.3493222,NAD83,4130,NGVD29,10040103,1932-06-16,1957-06-22,26,43,Northwestern Great Plains,"c(-109.3493222, 47.0064611)"
06111700,Mill Creek nr Lewistown MT,46.99546389,-109.4478056,NAD83,4200,NGVD29,10040103,1960-03-18,1991-06-06,32,43,Northwestern Great Plains,"c(-109.4478056, 46.99546389)"
06112800,Bull Creek trib near Hilger MT,47.2551361,-109.3683528,NAD83,4050,NGVD29,10040103,1974-01-01,2012-05-28,39,43,Northwestern Great Plains,"c(-109.3683528, 47.2551361)"
06114550,Wolf Creek trib near Coffee Creek MT,47.3009833,-110.1325972,NAD83,3875,NGVD29,10040103,1974-08-20,2023-06-02,50,43,Northwestern Great Plains,"c(-110.1325972, 47.3009833)"
06114700,"Judith River nr mouth, nr Winifred MT",47.6651583,-109.6520139,NAD83,2502,NAVD88,10040103,2001-07-21,2023-06-04,23,43,Northwestern Great Plains,"c(-109.6520139, 47.6651583)"
06114900,Taffy Creek trib near Winifred MT,47.6521972,-109.2598972,NAD83,3170,NGVD29,10040101,1974-07-07,2002-06-11,29,43,Northwestern Great Plains,"c(-109.2598972, 47.6521972)"
06115000,Missouri R Power Plant ferry nr Zortman MT,47.7300333,-108.9347528,NAD83,2273.02,NGVD29,10040104,1934-06-12,1967-06-16,34,43,Northwestern Great Plains,"c(-108.9347528, 47.7300333)"
06115200,Missouri River near Landusky MT,47.63143056,-108.6877444,NAD83,2239.96,NGVD29,10040104,1934-06-12,2023-06-12,90,43,Northwestern Great Plains,"c(-108.6877444, 47.63143056)"
06115500,North Fork Musselshell River nr Delpine MT,46.6097861,-110.5766222,NAD83,5380,NGVD29,10040201,1941-06-17,1979-08-26,39,43,Northwestern Great Plains,"c(-110.5766222, 46.6097861)"
06117800,Big Coulee near Martinsdale MT,46.549875,-110.3151194,NAD83,5050,NGVD29,10040201,1972-01-01,2002-03-23,30,43,Northwestern Great Plains,"c(-110.3151194, 46.549875)"
06118500,South Fork Musselshell R ab Martinsdale MT,46.45324167,-110.3822889,NAD83,4900,NGVD29,10040201,1942-06-04,2019-04-21,43,43,Northwestern Great Plains,"c(-110.3822889, 46.45324167)"
06119600,"Musselshell River nr Martinsdale, MT",46.4769583,-110.2489667,NAD83,4660,NAVD88,10040201,2003-04-26,2023-06-04,21,43,Northwestern Great Plains,"c(-110.2489667, 46.4769583)"
06120500,Musselshell River at Harlowton MT,46.4288,-109.8411944,NAD83,4171.46,NGVD29,10040201,1909-05-25,2023-06-05,115,43,Northwestern Great Plains,"c(-109.8411944, 46.4288)"
06120800,Alkali Creek near Harlowton MT,46.4643361,-109.8228833,NAD83,4210,NGVD29,10040201,1956-06-15,1991-06-28,36,43,Northwestern Great Plains,"c(-109.8228833, 46.4643361)"
06120900,"Antelope Creek at Harlowton, MT",46.43849167,-109.8225306,NAD83,4203,NAVD88,NA,1950-06-17,2023-06-04,27,43,Northwestern Great Plains,"c(-109.8225306, 46.43849167)"
06122000,American Fork bl Lebo Cr nr Harlowton MT,46.3961972,-109.7421444,NAD83,4170,NGVD29,10040201,1947-05-11,2011-05-25,23,43,Northwestern Great Plains,"c(-109.7421444, 46.3961972)"
06123030,Musselshell River ab Mud Cr nr Shawmut MT,46.31899167,-109.4605472,NAD83,3790,NAVD88,10040201,1998-06-22,2023-06-06,26,43,Northwestern Great Plains,"c(-109.4605472, 46.31899167)"
06123200,Sadie Cr tributary nr Harlowton  MT,46.19388889,-109.9004917,NAD83,4884,NAVD88,10040201,1971-01-01,2023-05-07,52,43,Northwestern Great Plains,"c(-109.9004917, 46.19388889)"
06123500,Musselshell River near Ryegate MT,46.30843889,-109.1906778,NAD83,3580,NGVD29,10040201,1947-05-13,1979-06-21,33,43,Northwestern Great Plains,"c(-109.1906778, 46.30843889)"
06124600,East Fk Roberts Cr trib nr Judith Gap MT,46.67930556,-109.6795694,NAD83,4725,NGVD29,10040201,1974-01-01,2021-01-01,48,43,Northwestern Great Plains,"c(-109.6795694, 46.67930556)"
06125520,Swimming Woman Cr trib nr Living Springs MT,46.60668056,-109.3605222,NAD83,4944,NAVD88,10040201,1974-01-01,2021-01-01,48,43,Northwestern Great Plains,"c(-109.3605222, 46.60668056)"
06125680,Big Coulee Creek trib near Cushman MT,46.24765556,-109.0343056,NAD83,3575,NGVD29,10040201,1974-01-01,2021-02-22,48,43,Northwestern Great Plains,"c(-109.0343056, 46.24765556)"
06126500,Musselshell River near Roundup MT,46.4277194,-108.5701028,NAD83,3193,NAVD88,10040202,1946-07-04,2023-06-09,77,43,Northwestern Great Plains,"c(-108.5701028, 46.4277194)"
06127500,Musselshell River at Musselshell MT,46.522425,-108.1088722,NAD83,2984.72,NGVD29,10040202,1929-06-05,2023-06-10,78,43,Northwestern Great Plains,"c(-108.1088722, 46.522425)"
06127505,Fishel Creek near Musselshell MT,46.4568,-108.1117167,NAD83,3150,NGVD29,10040202,1974-01-01,2021-03-23,48,43,Northwestern Great Plains,"c(-108.1117167, 46.4568)"
06127520,Home Creek near Sumatra MT,46.6371,-107.6202833,NAD83,3080,NGVD29,10040202,1973-01-01,2019-03-23,47,43,Northwestern Great Plains,"c(-107.6202833, 46.6371)"
06127570,Butts Coulee near Melstone MT,46.64705556,-107.821275,NAD83,2810,NGVD29,10040202,1963-05-11,2021-01-01,59,43,Northwestern Great Plains,"c(-107.821275, 46.64705556)"
06127585,Little Wall Cr trib nr Flatwillow MT,46.7471444,-108.6047417,NAD83,3813,NAVD88,10040202,1974-01-01,2021-02-22,48,43,Northwestern Great Plains,"c(-108.6047417, 46.7471444)"
06127900,Flatwillow Creek near Flatwillow MT,46.7912333,-108.6141556,NAD83,3560,NGVD29,10040203,1911-06-03,2011-05-21,45,43,Northwestern Great Plains,"c(-108.6141556, 46.7912333)"
06128500,South Fork Bear Cr Tributary nr Roy MT,47.22766389,-108.8005361,NAD83,3300,NGVD29,10040204,1962-06-15,2023-04-12,62,43,Northwestern Great Plains,"c(-108.8005361, 47.22766389)"
06129000,Box Elder Creek near Winnett MT,47.01252778,-108.1553417,NAD83,2720,NGVD29,10040204,1930-10-12,2011-05-22,22,43,Northwestern Great Plains,"c(-108.1553417, 47.01252778)"
06129500,Mcdonald Creek at Winnett MT,46.99363889,-108.3564444,NAD83,2930,NGVD29,10040204,1931-03-02,2011-05-21,37,43,Northwestern Great Plains,"c(-108.3564444, 46.99363889)"
06129700,Gorman Coulee near Cat Creek MT,47.01260556,-108.0989778,NAD83,2823,NAVD88,10040204,1955-08-23,2021-08-19,51,43,Northwestern Great Plains,"c(-108.0989778, 47.01260556)"
06129800,Gorman Coulee Tributary nr Cat Cr MT,47.01255556,-108.0934361,NAD83,2760,NGVD29,10040204,1955-08-23,2002-09-07,48,43,Northwestern Great Plains,"c(-108.0934361, 47.01255556)"
06130500,Musselshell River at Mosby MT,46.99469167,-107.8891639,NAD83,2493.9,NGVD29,10040205,1929-06-19,2023-06-03,92,43,Northwestern Great Plains,"c(-107.8891639, 46.99469167)"
06130610,Bair Coulee near Mosby MT,47.05406667,-107.6125833,NAD83,2980,NGVD29,10040205,1974-01-01,2022-07-06,49,43,Northwestern Great Plains,"c(-107.6125833, 47.05406667)"
06130620,Blood Creek trib near Valentine MT,47.33613056,-108.4598833,NAD83,2950,NGVD29,10040205,1974-01-01,2021-02-23,48,43,Northwestern Great Plains,"c(-108.4598833, 47.33613056)"
06130630,"Crooked Creek Tributary nr Roy, MT",47.41729167,-108.7514639,NAD83,2980,NGVD29,10040205,2003-03-14,2023-04-12,21,43,Northwestern Great Plains,"c(-108.7514639, 47.41729167)"
06130850,Second Cr Tributary no. 2 nr Jordan MT,47.2064472,-106.8161861,NAD83,2750,NGVD29,10040105,NA,1990-01-01,33,43,Northwestern Great Plains,"c(-106.8161861, 47.2064472)"
06130915,Russian Coulee near Jordan MT,47.3327333,-106.7114444,NAD83,2530,NGVD29,10040105,1974-01-01,2022-04-24,49,43,Northwestern Great Plains,"c(-106.7114444, 47.3327333)"
06130925,Thompson Creek trib near Cohagen MT,46.9512694,-106.4612667,NAD83,2750,NGVD29,10040106,1974-01-01,1995-03-10,22,43,Northwestern Great Plains,"c(-106.4612667, 46.9512694)"
06130940,Spring Creek trib near Van Norman MT,47.2491972,-106.3061694,NAD83,2440,NGVD29,10040106,1974-01-01,2019-07-09,46,43,Northwestern Great Plains,"c(-106.3061694, 47.2491972)"
06131000,Big Dry Creek near Van Norman MT,47.3494472,-106.3578167,NAD83,2330,NAVD88,10040105,1940-08-01,2014-05-29,69,43,Northwestern Great Plains,"c(-106.3578167, 47.3494472)"
06131100,Terry Coulee near Van Norman MT,47.38588056,-106.1708417,NAD83,2425,NGVD29,10040104,1974-01-01,2021-01-01,48,43,Northwestern Great Plains,"c(-106.1708417, 47.38588056)"
06131200,Nelson Creek near Van Norman MT,47.5365944,-106.1534528,NAD83,2300,NAVD88,10040104,1976-07-02,2023-04-08,35,43,Northwestern Great Plains,"c(-106.1534528, 47.5365944)"
06131300,Mcguire Creek trib near Van Norman MT,47.60537778,-106.1529833,NAD83,2400,NGVD29,10040104,1974-01-01,2023-04-12,50,43,Northwestern Great Plains,"c(-106.1529833, 47.60537778)"
06177050,East Fork Duck Creek near Brockway MT,47.1872222,-105.7855556,NAD83,2660,NGVD29,10060002,1955-07-12,2002-05-08,48,43,Northwestern Great Plains,"c(-105.7855556, 47.1872222)"
06177400,McCune Creek near Circle MT,47.3498083,-105.5860278,NAD83,2500,NGVD29,10060002,1955-07-12,1986-06-29,24,43,Northwestern Great Plains,"c(-105.5860278, 47.3498083)"
06177500,Redwater River at Circle MT,47.4139722,-105.5756444,NAD83,2394.32,NGVD29,10060002,1929-06-06,2023-04-09,87,43,Northwestern Great Plains,"c(-105.5756444, 47.4139722)"
06185500,Missouri River near Culbertson MT,48.1235,-104.4733,NAD83,1883.4,NGVD29,10060005,1942-08-30,2023-04-14,75,43,Northwestern Great Plains,"c(-104.4733, 48.1235)"
06193000,Shields River near Wilsall MT,46.15260556,-110.5868194,NAD83,5590,NGVD29,10070003,1936-05-15,1957-05-15,22,43,Northwestern Great Plains,"c(-110.5868194, 46.15260556)"
06193500,Shields River at Clyde Park MT,45.8857333,-110.6179583,NAD83,4780,NGVD29,10070003,1921-06-09,1967-06-08,41,43,Northwestern Great Plains,"c(-110.6179583, 45.8857333)"
06194000,Brackett Creek near Clyde Park MT,45.8666194,-110.6702306,NAD83,4930,NGVD29,10070003,1921-05-09,1957-05-04,27,43,Northwestern Great Plains,"c(-110.6702306, 45.8666194)"
06195600,Shields River nr Livingston MT,45.7383611,-110.4794694,NAD83,4420,NAVD88,10070003,1979-06-20,2022-06-06,44,43,Northwestern Great Plains,"c(-110.4794694, 45.7383611)"
06197500,Boulder River near Contact MT,45.5545333,-110.2005417,NAD83,4930,NGVD29,10070002,1910-06-02,2022-06-13,35,43,Northwestern Great Plains,"c(-110.2005417, 45.5545333)"
06200000,Boulder River at Big Timber MT,45.8337944,-109.9387056,NAD83,4056.3,NGVD29,10070002,1947-06-20,2023-06-03,76,43,Northwestern Great Plains,"c(-109.9387056, 45.8337944)"
06200500,Sweet Grass Creek above Melville MT,46.15538056,-110.08705,NAD83,5490,NGVD29,10070002,1914-06-04,1975-06-19,46,43,Northwestern Great Plains,"c(-110.08705, 46.15538056)"
06201000,Sweet Grass Creek below Melville MT,46.0614333,-109.8452417,NAD83,4740,NGVD29,10070002,1907-06-23,1952-05-26,30,43,Northwestern Great Plains,"c(-109.8452417, 46.0614333)"
06201700,Hump Creek near Reed Point MT,45.7091722,-109.5924639,NAD83,3780,NGVD29,10070004,1960-03-19,2011-10-02,53,43,Northwestern Great Plains,"c(-109.5924639, 45.7091722)"
06204170,"Meadow Creek nr Dean, MT",45.4085537,-109.6643386,NAD83,5080,NGVD29,10070005,2003-03-13,2023-05-05,21,43,Northwestern Great Plains,"c(-109.6643386, 45.4085537)"
06204500,Rosebud Creek near Absarokee MT,45.48659167,-109.4561306,NAD83,4160,NGVD29,10070005,1935-06-14,2022-06-13,37,43,Northwestern Great Plains,"c(-109.4561306, 45.48659167)"
06205000,"Stillwater River near Absarokee, MT",45.53674167,-109.4220556,NAD83,3957,NAVD88,10070005,1911-06-14,2023-06-08,93,43,Northwestern Great Plains,"c(-109.4220556, 45.53674167)"
06205100,Allen Creek near Park City MT,45.59678056,-109.0568722,NAD83,3470,NGVD29,10070004,1961-05-24,2002-01-01,42,43,Northwestern Great Plains,"c(-109.0568722, 45.59678056)"
06208500,Clarks Fork Yellowstone River at Edgar MT,45.46571389,-108.8441056,NAD83,3460,NAVD88,10070006,1922-06-16,2023-05-25,84,43,Northwestern Great Plains,"c(-108.8441056, 45.46571389)"
06210950,"Cole Creek near Red Lodge, MT",45.2579999,-109.314325,NAD83,5100,NGVD29,10070006,2003-04-09,2023-06-24,21,43,Northwestern Great Plains,"c(-109.314325, 45.2579999)"
06211000,Red Lodge Cr ab Cooney Re nr Boyd MT,45.43785,-109.2533111,NAD83,4248,NGVD29,10070006,1937-06-12,2023-06-08,87,43,Northwestern Great Plains,"c(-109.2533111, 45.43785)"
06211500,Willow Creek near Boyd MT,45.4221472,-109.2305306,NAD83,4260,NGVD29,10070006,1937-06-12,2023-06-24,87,43,Northwestern Great Plains,"c(-109.2305306, 45.4221472)"
06212500,Red Lodge Cr bl Cooney Reservoir nr Boyd MT,45.44990278,-109.1854028,NAD83,4139.12,NGVD29,10070006,1938-06-25,2011-05-25,67,43,Northwestern Great Plains,"c(-109.1854028, 45.44990278)"
06214150,Mills Creek at Rapelje MT,45.96744509,-109.2554455,NAD83,4025,NGVD29,10070004,1974-01-01,2002-01-01,29,43,Northwestern Great Plains,"c(-109.2554455, 45.96744509)"
06214500,Yellowstone River at Billings MT,45.8001194,-108.4680306,NAD83,3081.36,NGVD29,10070004,1904-06-20,2023-05-25,98,43,Northwestern Great Plains,"c(-108.4680306, 45.8001194)"
06216000,Pryor Creek at Pryor MT,45.43467778,-108.5336528,NAD83,4007.35,NGVD29,10070008,1922-06-15,2011-05-22,47,43,Northwestern Great Plains,"c(-108.5336528, 45.43467778)"
06216200,West Wets Creek nr Billings MT,45.6270111,-108.4045361,NAD83,3520,NGVD29,10070008,1955-08-25,2023-06-24,69,43,Northwestern Great Plains,"c(-108.4045361, 45.6270111)"
06216500,Pryor Creek near Billings MT,45.7148944,-108.3142833,NAD83,3310,NGVD29,10070008,1912-07-03,1978-05-19,49,43,Northwestern Great Plains,"c(-108.3142833, 45.7148944)"
06216900,Pryor Creek nr Huntley MT,45.8196944,-108.2903333,NAD83,3140,NGVD29,10070008,1978-05-18,2017-04-29,25,43,Northwestern Great Plains,"c(-108.2903333, 45.8196944)"
06217300,Twelvemile Creek near Shepherd MT,45.92106585,-108.4629119,NAD83,3220,NGVD29,10070007,1973-01-01,2023-04-13,51,43,Northwestern Great Plains,"c(-108.4629119, 45.92106585)"
06217700,North Fork Crooked Cr trib nr Shepherd MT,46.06635,-108.4999056,NAD83,3367,NAVD88,10070007,1962-06-04,2021-01-01,59,43,Northwestern Great Plains,"c(-108.4999056, 46.06635)"
06287000,Bighorn R bl Yellowtail Afterbay Dam nr St. Xavier,45.31690278,-107.9188889,NAD83,3100,NGVD29,10080015,1935-06-16,2023-06-25,89,43,Northwestern Great Plains,"c(-107.9188889, 45.31690278)"
06287500,"Soap Creek near St. Xavier, MT",45.3269083,-107.7698278,NAD83,3290,NGVD29,10080015,1939-06-02,1978-05-19,22,43,Northwestern Great Plains,"c(-107.7698278, 45.3269083)"
06288500,Bighorn River near Hardin MT,45.72937778,-107.5810389,NAD83,2900,NGVD29,10080015,1904-06-24,1933-06-18,26,43,Northwestern Great Plains,"c(-107.5810389, 45.72937778)"
06289000,Little Bighorn River at State Line nr Wyola MT,45.0071111,-107.6154083,NAD83,4350,NAVD88,10080016,1939-06-02,2023-06-24,85,43,Northwestern Great Plains,"c(-107.6154083, 45.0071111)"
06289600,"WEST PASS CREEK NEAR PARKMAN, WY",44.9877441,-107.4828685,NAD83,4540,NGVD29,10080016,1983-05-27,2020-05-31,38,43,Northwestern Great Plains,"c(-107.4828685, 44.9877441)"
06289820,"EAST PASS CREEK NEAR DAYTON, WY",44.99052258,-107.4228665,NAD83,4405,NGVD29,10080016,1983-05-29,2020-05-21,38,43,Northwestern Great Plains,"c(-107.4228665, 44.99052258)"
06290000,Pass Creek near Wyola MT,45.05626389,-107.3559,NAD83,3920,NGVD29,10080016,1935-06-07,2009-04-12,49,43,Northwestern Great Plains,"c(-107.3559, 45.05626389)"
06290500,Little Bighorn R bl Pass Cr nr Wyola MT,45.1771333,-107.39455,NAD83,3600,NGVD29,10080016,1939-06-02,2011-05-22,65,43,Northwestern Great Plains,"c(-107.39455, 45.1771333)"
06291500,"Lodge Grass Cr ab Willow Cr diversion, nr Wyola MT",45.12648056,-107.5998917,NAD83,4170,NGVD29,10080016,1939-06-01,2011-05-22,65,43,Northwestern Great Plains,"c(-107.5998917, 45.12648056)"
06293300,Long Otter Creek near Lodge Grass MT,45.45398889,-107.3959389,NAD83,3210,NGVD29,10080016,1973-01-01,2012-02-23,40,43,Northwestern Great Plains,"c(-107.3959389, 45.45398889)"
06293500,Little Bighorn River nr Crow Agency MT,45.5673944,-107.4533944,NAD83,3045,NGVD29,10080016,1912-07-04,1960-03-21,39,43,Northwestern Great Plains,"c(-107.4533944, 45.5673944)"
06294000,Little Bighorn River near Hardin MT,45.7356861,-107.5574694,NAD83,2882.29,NGVD29,10080016,1953-06-17,2023-06-27,71,43,Northwestern Great Plains,"c(-107.5574694, 45.7356861)"
06294400,Andresen Coulee near Custer MT,46.0650583,-107.5429194,NAD83,2820,NGVD29,10080015,1963-06-04,2023-01-01,61,43,Northwestern Great Plains,"c(-107.5429194, 46.0650583)"
06294500,Bighorn River ab Tullock Cr nr Bighorn MT,46.1244722,-107.4687917,NAD83,2700,NAVD88,10080015,1982-07-05,2023-06-26,42,43,Northwestern Great Plains,"c(-107.4687917, 46.1244722)"
06294600,East Cabin Cr Tributary nr Hardin MT,45.79770556,-107.2616722,NAD83,3180,NGVD29,10080015,1973-01-01,2021-03-20,49,43,Northwestern Great Plains,"c(-107.2616722, 45.79770556)"
06294700,Bighorn River at Bighorn MT,46.14708056,-107.4673472,NAD83,2690,NGVD29,10080015,1945-06-25,1981-06-11,37,43,Northwestern Great Plains,"c(-107.4673472, 46.14708056)"
06294930,Sarpy Creek trib near Colstrip MT,45.91498786,-107.133109,NAD83,3120,NGVD29,10100001,1972-01-01,2021-03-18,50,43,Northwestern Great Plains,"c(-107.133109, 45.91498786)"
06294985,East Fork Armells Cr trib nr Colstrip MT,46.0669381,-106.7114218,NAD83,2860,NGVD29,10100001,1973-01-01,2021-08-21,49,43,Northwestern Great Plains,"c(-106.7114218, 46.0669381)"
06295000,Yellowstone River at Forsyth MT,46.2666361,-106.6913028,NAD83,2504.62,NGVD29,10100001,1921-06-21,2023-06-26,49,43,Northwestern Great Plains,"c(-106.6913028, 46.2666361)"
06295020,Short Creek nr Forsyth MT,46.2955611,-106.6685667,NAD83,2550,NGVD29,10100001,1962-06-15,2012-01-01,51,43,Northwestern Great Plains,"c(-106.6685667, 46.2955611)"
06295050,Little Porcupine Creek near Forsyth MT,46.30435,-106.5751278,NAD83,2480,NGVD29,10100001,1958-06-03,2011-05-22,21,43,Northwestern Great Plains,"c(-106.5751278, 46.30435)"
06295100,Rosebud Creek near Kirby MT,45.24571667,-106.9679056,NAD83,4180,NGVD29,10100003,1960-03-19,2002-01-01,36,43,Northwestern Great Plains,"c(-106.9679056, 45.24571667)"
06295113,Rosebud C at Reservation Bndry nr Kirby MT,45.36116667,-106.9903556,NAD83,3780,NGVD29,10100003,1980-04-17,2023-06-26,42,43,Northwestern Great Plains,"c(-106.9903556, 45.36116667)"
06295250,Rosebud Creek near Colstrip MT,45.76715,-106.5698583,NAD83,3000,NGVD29,10100003,1975-05-17,2011-05-22,33,43,Northwestern Great Plains,"c(-106.5698583, 45.76715)"
06296003,Rosebud Creek at mouth near Rosebud MT,46.26463056,-106.4752306,NAD83,2480,NGVD29,10100003,1975-02-26,2015-06-04,34,43,Northwestern Great Plains,"c(-106.4752306, 46.26463056)"
06296100,Snell Creek near Hathaway MT,46.2912222,-106.1442222,NAD83,2473,NAVD88,10100001,1963-06-03,2021-05-08,56,43,Northwestern Great Plains,"c(-106.1442222, 46.2912222)"
06296115,Reservation Creek near Miles City MT,46.37722455,-105.9730628,NAD83,2440,NGVD29,10100001,1973-01-01,2022-04-23,50,43,Northwestern Great Plains,"c(-105.9730628, 46.37722455)"
06298500,"LITTLE TONGUE RIVER NEAR DAYTON, WY",44.81052369,-107.2845236,NAD83,4420,NGVD29,10090101,1951-07-10,1974-04-25,23,43,Northwestern Great Plains,"c(-107.2845236, 44.81052369)"
06299500,"WOLF CREEK AT WOLF, WY",44.77246889,-107.234243,NAD83,4525,NGVD29,10090101,1944-05-18,2004-05-09,61,43,Northwestern Great Plains,"c(-107.234243, 44.77246889)"
06302000,"BIG GOOSE CREEK NEAR SHERIDAN, WY",44.7021913,-107.1814618,NAD83,4505,NGVD29,10090101,1930-06-01,2000-05-17,71,43,Northwestern Great Plains,"c(-107.1814618, 44.7021913)"
06305500,"GOOSE CREEK BELOW SHERIDAN, WY",44.82150278,-106.9616083,NAD83,3701.36,NGVD29,10090101,1942-05-27,1984-06-17,43,43,Northwestern Great Plains,"c(-106.9616083, 44.82150278)"
06305700,"Goose Creek near Acme, WY",44.8863607,-106.9889593,NAD83,3620,NGVD29,10090101,1984-06-17,2023-06-17,33,43,Northwestern Great Plains,"c(-106.9889593, 44.8863607)"
06306250,"Prairie Dog Creek near Acme, WY",44.98386286,-106.8397892,NAD83,3450,NGVD29,10090101,1971-03-28,2016-04-27,26,43,Northwestern Great Plains,"c(-106.8397892, 44.98386286)"
06306300,Tongue River at State Line nr Decker MT,45.0091361,-106.8359444,NAD83,3429,NGVD29,10090101,1961-05-30,2023-06-11,63,43,Northwestern Great Plains,"c(-106.8359444, 45.0091361)"
06306900,Spring Creek near Decker MT,45.08580906,-106.8372873,NAD83,3500,NGVD29,10090101,1958-06-07,1986-06-04,29,43,Northwestern Great Plains,"c(-106.8372873, 45.08580906)"
06306950,South Fork Leaf Rock Creek near Kirby MT,45.1876861,-106.9155139,NAD83,3950,NGVD29,10090101,1958-06-07,1996-02-06,38,43,Northwestern Great Plains,"c(-106.9155139, 45.1876861)"
06307500,Tongue River at Tongue R Dam nr Decker MT,45.141275,-106.7713556,NAD83,3344.4,NGVD29,10090101,1939-06-26,2023-06-12,85,43,Northwestern Great Plains,"c(-106.7713556, 45.141275)"
06307600,Hanging Woman Creek near Birney MT,45.29906389,-106.5081667,NAD83,3150,NAVD88,10090101,1974-07-15,2017-02-24,35,43,Northwestern Great Plains,"c(-106.5081667, 45.29906389)"
06307616,Tongue R at Birney Day School Br nr Birney MT,45.41160556,-106.4573528,NAD83,3060,NAVD88,10090102,1980-06-15,2023-06-13,44,43,Northwestern Great Plains,"c(-106.4573528, 45.41160556)"
06307700,Cow Cr nr Fort Howes Ranger Stat nr Otter MT,45.288883,-106.15446180000001,NAD83,3290,NGVD29,10090102,1972-01-01,2021-03-06,50,43,Northwestern Great Plains,"c(-106.1544618, 45.288883)"
06307720,Brian Creek near Ashland MT,45.4102742,-106.1525135,NAD83,3140,NGVD29,10090102,1973-01-01,2023-01-01,51,43,Northwestern Great Plains,"c(-106.1525135, 45.4102742)"
06307740,Otter Creek at Ashland MT,45.58838889,-106.2550556,NAD83,2916.5,NGVD29,10090102,1973-02-25,2016-04-29,34,43,Northwestern Great Plains,"c(-106.2550556, 45.58838889)"
06307780,Stebbins Creek at Mouth near Ashland MT,45.64061389,-106.2937417,NAD83,2950,NGVD29,10090102,1963-06-15,1991-05-30,29,43,Northwestern Great Plains,"c(-106.2937417, 45.64061389)"
06307830,Tongue R bl Brandenberg bridge nr Ashland MT,45.8403861,-106.2234333,NAD83,2760,NGVD29,10090102,1974-06-21,2023-06-14,28,43,Northwestern Great Plains,"c(-106.2234333, 45.8403861)"
06307930,Jack Creek near Volborg MT,46.0819463,-105.852775,NAD83,2630,NGVD29,10090102,1973-01-01,2001-07-19,29,43,Northwestern Great Plains,"c(-105.852775, 46.0819463)"
06308200,Basin Creek Tributary near Volborg MT,45.88564167,-105.6824417,NAD83,2900,NGVD29,10090102,1955-07-29,2022-07-05,68,43,Northwestern Great Plains,"c(-105.6824417, 45.88564167)"
06308330,Deer Creek trib near Volborg MT,46.0344222,-105.5218278,NAD83,2780,NGVD29,10090102,1973-01-01,2023-05-25,51,43,Northwestern Great Plains,"c(-105.5218278, 46.0344222)"
06308340,La Grange Creek near Volborg MT,46.1047243,-105.5560989,NAD83,2660,NGVD29,10090102,1973-09-03,2021-03-19,48,43,Northwestern Great Plains,"c(-105.5560989, 46.1047243)"
06308400,Pumpkin Creek near Miles City MT,46.22835556,-105.6906083,NAD83,2490,NGVD29,10090102,1973-09-03,2018-03-24,27,43,Northwestern Great Plains,"c(-105.6906083, 46.22835556)"
06308500,"Tongue River at Miles City, MT",46.3845944,-105.8455222,NAD83,2351.4,NAVD88,10090102,1938-06-01,2023-06-20,82,43,Northwestern Great Plains,"c(-105.8455222, 46.3845944)"
06309000,"Yellowstone River at Miles City, MT",46.4207722,-105.8600333,NAD83,2333.3,NGVD29,10100001,1923-06-15,2023-06-27,96,43,Northwestern Great Plains,"c(-105.8600333, 46.4207722)"
06309060,N F Sunday C Tributary no. 2 nr Angela MT,46.5678583,-106.0663806,NAD83,2680,NGVD29,10100001,1962-06-01,1991-06-25,30,43,Northwestern Great Plains,"c(-106.0663806, 46.5678583)"
06309078,Tree Coulee near Kinsey MT,46.5547583,-105.797175,NAD83,2425,NGVD29,10100001,1972-01-01,2002-07-31,30,43,Northwestern Great Plains,"c(-105.797175, 46.5547583)"
06309080,Deep Creek near Kinsey MT,46.5567611,-105.6206889,NAD83,2320,NGVD29,10100001,1962-07-14,2023-08-22,62,43,Northwestern Great Plains,"c(-105.6206889, 46.5567611)"
06312500,"POWDER RIVER NEAR KAYCEE, WY",43.6930295,-106.5305951,NAD83,4533.76,NGVD29,10090202,1923-09-30,1980-08-15,41,43,Northwestern Great Plains,"c(-106.5305951, 43.6930295)"
06313000,"SOUTH FORK POWDER RIVER NEAR KAYCEE, WY",43.61941675,-106.577264,NAD83,4590,NGVD29,10090203,1938-07-26,1984-05-03,27,43,Northwestern Great Plains,"c(-106.577264, 43.61941675)"
06313100,"COAL DRAW NEAR MIDWEST, WY",43.4499718,-106.2339107,NAD83,4880,NGVD29,10090204,1961-07-07,1984-07-30,24,43,Northwestern Great Plains,"c(-106.2339107, 43.4499718)"
06313500,"POWDER RIVER AT SUSSEX, WY",43.6970861,-106.3061944,NAD83,4372,NGVD29,10090202,1938-07-26,2017-04-30,46,43,Northwestern Great Plains,"c(-106.3061944, 43.6970861)"
06313700,"DEAD HORSE CREEK NEAR BUFFALO, WY",44.21497995,-106.111968,NAD83,3970,NGVD29,10090202,1959-06-22,2001-07-24,34,43,Northwestern Great Plains,"c(-106.111968, 44.21497995)"
06314500,"NF CRAZY WOMAN CR BEL SPRING DRAW, NR BUFFALO, WY",44.1938611,-106.7803282,NAD83,5320,NGVD29,10090205,1949-06-06,1972-05-21,24,43,Northwestern Great Plains,"c(-106.7803282, 44.1938611)"
06315500,"MIDDLE FORK CRAZY WOMAN CREEK NEAR GREUB, WY",44.0580267,-106.8025513,NAD83,5190,NGVD29,10090205,1942-04-14,1972-06-09,31,43,Northwestern Great Plains,"c(-106.8025513, 44.0580267)"
06316400,"CRAZY WOMAN CREEK AT UPPER STA, NEAR ARVADA, WY",44.4910905,-106.1778075,NAD83,3780,NGVD29,10090205,1963-06-15,2014-06-01,26,43,Northwestern Great Plains,"c(-106.1778075, 44.4910905)"
06317000,"POWDER RIVER AT ARVADA, WY",44.64998226,-106.1275278,NAD83,3620,NGVD29,10090202,1919-08-03,2023-06-18,105,43,Northwestern Great Plains,"c(-106.1275278, 44.64998226)"
06317050,"RUCKER DRAW NEAR SPOTTED HORSE, WY",44.7186111,-105.88875,NAD83,3920,NAVD88,10090202,1961-08-15,1981-07-25,21,43,Northwestern Great Plains,"c(-105.88875, 44.7186111)"
06318500,"CLEAR CREEK NEAR BUFFALO, WY",44.33275055,-106.7772735,NAD83,5184.83,NGVD29,10090206,1894-06-03,2023-06-16,81,43,Northwestern Great Plains,"c(-106.7772735, 44.33275055)"
06320000,"ROCK CREEK NEAR BUFFALO, WY",44.4560828,-106.878945,NAD83,5280,NGVD29,10090206,1941-05-12,2015-06-11,75,43,Northwestern Great Plains,"c(-106.878945, 44.4560828)"
06323000,"PINEY CREEK AT KEARNY, WY",44.53552818,-106.8222783,NAD83,4655.11,NGVD29,10090206,1903-06-16,2015-05-25,89,43,Northwestern Great Plains,"c(-106.8222783, 44.53552818)"
06323500,"PINEY CREEK AT UCROSS, WY",44.56192046,-106.5394908,NAD83,4066.83,NGVD29,10090206,1900-08-20,1982-07-25,61,43,Northwestern Great Plains,"c(-106.5394908, 44.56192046)"
06324000,"CLEAR CREEK NEAR ARVADA, WY",44.8716522,-106.0828016,NAD83,3506.51,NGVD29,10090206,1916-06-20,2016-06-11,62,43,Northwestern Great Plains,"c(-106.0828016, 44.8716522)"
06324500,Powder River at Moorhead MT,45.0571972,-105.8783778,NAD83,3350.6,NGVD29,10090207,1923-09-30,2023-06-18,94,43,Northwestern Great Plains,"c(-105.8783778, 45.0571972)"
06324700,Sand Creek near Broadus MT,45.4296083,-105.4435639,NAD83,3090,NGVD29,10090207,1955-01-01,1984-01-01,30,43,Northwestern Great Plains,"c(-105.4435639, 45.4296083)"
06324800,"LITTLE POWDER RIVER TRIBUTARY NEAR GILLETTE, WY",44.4475833,-105.4593333,NAD83,4088,NAVD88,10090208,1960-01-01,1981-07-15,22,43,Northwestern Great Plains,"c(-105.4593333, 44.4475833)"
06324900,"CEDAR DRAW NEAR GILLETTE, WY",44.51664815,-105.4449997,NAD83,3995,NGVD29,10090208,1959-01-01,1981-07-15,23,43,Northwestern Great Plains,"c(-105.4449997, 44.51664815)"
06324970,"LITTLE POWDER RIVER AB DRY CREEK, NEAR WESTON, WY",44.9269288,-105.3533268,NAD83,3410,NGVD29,10090208,1973-04-25,2021-03-09,49,43,Northwestern Great Plains,"c(-105.3533268, 44.9269288)"
06324995,Badger Creek at Biddle MT,45.09625,-105.3385278,NAD83,3310,NGVD29,10090208,1972-01-01,2023-01-01,52,43,Northwestern Great Plains,"c(-105.3385278, 45.09625)"
06325500,Little Powder River near Broadus MT,45.3898444,-105.3053528,NAD83,3020,NGVD29,10090208,1947-06-23,1978-05-20,25,43,Northwestern Great Plains,"c(-105.3053528, 45.3898444)"
06325700,Deep Creek near Powderville MT,45.8136333,-105.0659139,NAD83,2850,NGVD29,10090209,1973-01-01,2021-03-06,49,43,Northwestern Great Plains,"c(-105.0659139, 45.8136333)"
06325950,Cut Coulee near Mizpah MT,46.1438722,-105.1686917,NAD83,2670,NGVD29,10090209,1973-01-01,2019-07-09,47,43,Northwestern Great Plains,"c(-105.1686917, 46.1438722)"
06326500,Powder River near Locate MT,46.4294361,-105.3103306,NAD83,2384.7,NGVD29,10090209,1938-09-07,2023-06-20,86,43,Northwestern Great Plains,"c(-105.3103306, 46.4294361)"
06326580,Lame Jones Creek trib near Willard MT,46.194075,-104.5521639,NAD83,2825,NGVD29,10100005,1974-01-01,2023-01-01,50,43,Northwestern Great Plains,"c(-104.5521639, 46.194075)"
06326600,O'Fallon Creek near Ismay MT,46.4205694,-104.7610222,NAD83,2590,NGVD29,10100005,1962-07-14,1992-04-19,31,43,Northwestern Great Plains,"c(-104.7610222, 46.4205694)"
06326800,"Pennel Creek trib near Baker, MT",46.4781,-104.2411,NAD83,3083,NAVD88,10100005,1962-07-07,1991-06-24,30,43,Northwestern Great Plains,"c(-104.2411, 46.4781)"
06326940,Spring Creek trib near Fallon MT,46.80169167,-104.9910889,NAD83,2470,NGVD29,10100004,1972-01-01,2021-03-19,50,43,Northwestern Great Plains,"c(-104.9910889, 46.80169167)"
06326950,Yellowstone River Tributary no. 5 nr Marsh MT,46.95241389,-104.8985,NAD83,2300,NGVD29,10100004,1962-07-14,2023-08-05,62,43,Northwestern Great Plains,"c(-104.8985, 46.95241389)"
06326960,Timber Fork Up Sevenmile C trib nr Lindsay MT,47.1825333,-105.1727083,NAD83,2706,NAVD88,10100004,1974-01-01,2021-05-09,48,43,Northwestern Great Plains,"c(-105.1727083, 47.1825333)"
06327450,Cains Coulee at Glendive MT,47.09420556,-104.7132667,NAD83,2060,NGVD29,10100004,1991-06-20,2023-05-26,33,43,Northwestern Great Plains,"c(-104.7132667, 47.09420556)"
06327500,"Yellowstone River at Glendive, MT",47.10588889,-104.7184306,NAD83,2057,NAVD88,10100004,1903-06-20,2023-06-27,32,43,Northwestern Great Plains,"c(-104.7184306, 47.10588889)"
06327550,South Fork Horse Cr trib nr Wibaux MT,46.80142778,-104.3809694,NAD83,2825,NGVD29,10100004,1973-01-01,2022-01-01,50,43,Northwestern Great Plains,"c(-104.3809694, 46.80142778)"
06327720,Griffith Creek trib near Glendive MT,47.1055472,-104.5972556,NAD83,2180,NGVD29,10100004,1965-01-01,2023-04-09,51,43,Northwestern Great Plains,"c(-104.5972556, 47.1055472)"
06327790,Krug Creek trib no 2 near Wibaux MT,47.008325,-104.30595,NAD83,2825,NGVD29,10100004,1974-01-01,2021-05-09,48,43,Northwestern Great Plains,"c(-104.30595, 47.008325)"
06328100,Yellowstone River trib no 6 nr Glendive MT,47.1568694,-104.6546389,NAD83,1950,NGVD29,10100004,1974-08-08,2023-04-08,50,43,Northwestern Great Plains,"c(-104.6546389, 47.1568694)"
06329200,Burns Creek near Savage MT,47.37225556,-104.4300028,NAD83,2000,NGVD29,10100004,1958-07-08,1986-02-26,21,43,Northwestern Great Plains,"c(-104.4300028, 47.37225556)"
06329350,Alkali Creek near Sidney MT,47.5094611,-104.1178222,NAD83,2260,NGVD29,10100004,1974-08-10,2019-09-18,46,43,Northwestern Great Plains,"c(-104.1178222, 47.5094611)"
06329500,Yellowstone River near Sidney MT,47.67741389,-104.1554111,NAD83,1881.3,NGVD29,10100004,1911-06-22,2023-06-28,111,43,Northwestern Great Plains,"c(-104.1554111, 47.67741389)"
06329510,Fox Creek trib near Lambert MT,47.64927778,-104.6149,NAD83,2375,NGVD29,10100004,1972-01-01,1996-06-11,24,43,Northwestern Great Plains,"c(-104.6149, 47.64927778)"
06329597,"CHARBONNEAU CREEK NR CHARBONNEAU, ND",47.85085328,-103.7940907,NAD83,2000,NAVD88,10100004,1967-03-22,2014-05-29,24,43,Northwestern Great Plains,"c(-103.7940907, 47.85085328)"
06330000,"MISSOURI RIVER NR WILLISTON, ND",48.1080792,-103.7146446,NAD83,1831.56,NAVD88,10110101,NA,1965-06-16,38,43,Northwestern Great Plains,"c(-103.7146446, 48.1080792)"
06332000,"WHITE EARTH RIVER AT WHITE EARTH, ND",48.37555556,-102.7672222,NAD83,2072.05,NAVD88,10110101,1955-03-30,2023-04-12,36,43,Northwestern Great Plains,"c(-102.7672222, 48.37555556)"
06332150,"WHITE EARTH RIVER TRIB NR WHITE EARTH, ND",48.3319635,-102.7532375,NAD83,2050,NGVD29,10110101,NA,2009-08-24,29,43,Northwestern Great Plains,"c(-102.7532375, 48.3319635)"
06332515,"BEAR DEN CREEK NEAR MANDAREE, ND",47.78717057,-102.7686286,NAD83,1949.14,NAVD88,10110101,1967-03-22,2023-04-11,56,43,Northwestern Great Plains,"c(-102.7686286, 47.78717057)"
06332523,"E. FORK SHELL CREEK NR PARSHALL, ND",47.94862396,-102.214893,NAD83,1882.79,NAVD88,10110101,1992-03-01,2023-04-13,29,43,Northwestern Great Plains,"c(-102.214893, 47.94862396)"
06333850,"North Creek near Alzada, MT",45.0645944,-104.5337222,NAD83,3493,NAVD88,10110201,1951-06-17,1977-09-30,24,43,Northwestern Great Plains,"c(-104.5337222, 45.0645944)"
06334000,Little Missouri River near Alzada MT,45.07613889,-104.4096,NAD83,3367,NGVD29,10110201,1912-04-06,1969-05-04,53,43,Northwestern Great Plains,"c(-104.4096, 45.07613889)"
06334100,Wolf Creek near Hammond MT,45.1642972,-104.7562111,NAD83,3580,NGVD29,10110201,1955-07-11,2002-06-23,48,43,Northwestern Great Plains,"c(-104.7562111, 45.1642972)"
06334330,Little Missouri River trib nr Albion MT,45.21738889,-104.2579611,NAD83,3301,NAVD88,10110201,1972-01-01,2023-06-27,52,43,Northwestern Great Plains,"c(-104.2579611, 45.21738889)"
06334500,"LITTLE MISSOURI RIVER AT CAMP CROOK,SD",45.5481343,-103.9712386,NAD83,3099.65,NAVD88,10110201,1952-03-31,2023-06-02,69,43,Northwestern Great Plains,"c(-103.9712386, 45.5481343)"
06334610,Hawksnest Creek Tributary near Albion MT,45.3870944,-104.4776861,NAD83,3480,NGVD29,10110202,1973-01-01,2002-01-01,30,43,Northwestern Great Plains,"c(-104.4776861, 45.3870944)"
06334625,Coal Creek tributary near Mill Iron MT,45.9030611,-104.3618833,NAD83,3350,NGVD29,10110202,1974-01-01,2021-01-01,48,43,Northwestern Great Plains,"c(-104.3618833, 45.9030611)"
06334720,Soda Creek trib nr Webster MT,46.00985,-104.0935389,NAD83,3100,NGVD29,10110202,1962-05-22,1991-06-24,30,43,Northwestern Great Plains,"c(-104.0935389, 46.00985)"
06335000,"LITTLE BEAVER CREEK NR MARMARTH, ND",46.2747278,-103.9763192,NAD83,2733.14,NGVD29,10110201,1939-07-06,1979-04-10,41,43,Northwestern Great Plains,"c(-103.9763192, 46.2747278)"
06335500,"LITTLE MISSOURI RIVER AT MARMARTH, ND",46.29777778,-103.9175,NAD83,2688.11,NAVD88,10110203,1939-07-07,2023-06-27,85,43,Northwestern Great Plains,"c(-103.9175, 46.29777778)"
06336000,"LITTLE MISSOURI RIVER AT MEDORA, ND",46.9180722,-103.5303444,NAD83,2246.62,NAVD88,10110203,1904-06-09,2023-04-10,73,43,Northwestern Great Plains,"c(-103.5303444, 46.9180722)"
06336300,"LITTLE MISSOURI R TRIB NR MEDORA, ND",46.951403,-103.5060193,NAD83,2260,NGVD29,10110203,NA,2009-03-21,34,43,Northwestern Great Plains,"c(-103.5060193, 46.951403)"
06336500,Beaver Creek at Wibaux MT,46.9899222,-104.1837667,NAD83,2650,NGVD29,10110204,1872-01-01,1983-02-15,40,43,Northwestern Great Plains,"c(-104.1837667, 46.9899222)"
06336600,"BEAVER CREEK NR TROTTERS, ND",47.16307028,-103.9927057,NAD83,2373.85,NAVD88,10110204,1978-03-29,2023-04-10,46,43,Northwestern Great Plains,"c(-103.9927057, 47.16307028)"
06337000,"LITTLE MISSOURI RIVER NR WATFORD CITY, ND",47.59140556,-103.2526667,NAD83,1922.6,NAVD88,10110205,1935-07-11,2023-04-12,89,43,Northwestern Great Plains,"c(-103.2526667, 47.59140556)"
06338490,"MISSOURI RIVER AT GARRISON DAM, ND",47.5022218,-101.4309953,NAD83,NA,NA,10130101,1969-12-18,2009-01-10,40,43,Northwestern Great Plains,"c(-101.4309953, 47.5022218)"
06339000,"MISSOURI RIVER BELOW GARRISON DAM, ND",47.38555467,-101.3937708,NAD83,1600,NGVD29,10130101,1948-06-11,1968-12-10,22,43,Northwestern Great Plains,"c(-101.3937708, 47.38555467)"
06339100,"KNIFE RIVER AT MANNING, ND",47.2361259,-102.7699074,NAD83,2158.03,NAVD88,10130201,1968-03-02,2023-04-11,56,43,Northwestern Great Plains,"c(-102.7699074, 47.2361259)"
06339490,"ELM CREEK NR GOLDEN VALLEY, ND",47.10695265,-102.0518349,NAD83,1915.17,NGVD29,10130201,1968-03-05,1995-02-22,28,43,Northwestern Great Plains,"c(-102.0518349, 47.10695265)"
06339500,"KNIFE RIVER NEAR GOLDEN VALLEY, ND",47.1543948,-102.0599856,NAD83,1848.73,NAVD88,10130201,1903-07-27,2023-04-12,101,43,Northwestern Great Plains,"c(-102.0599856, 47.1543948)"
06340000,"SPRING CREEK AT ZAP, ND",47.2861188,-101.925726,NAD83,1820.77,NAVD88,10130201,1924-06-27,2023-04-13,79,43,Northwestern Great Plains,"c(-101.925726, 47.2861188)"
06340200,"WEST BRANCH OTTER CREEK NR BEULAH, ND",47.1347266,-101.6601589,NAD83,NA,NA,10130201,1965-05-05,1995-05-21,30,43,Northwestern Great Plains,"c(-101.6601589, 47.1347266)"
06340500,"KNIFE RIVER AT HAZEN, ND",47.2852816,-101.6221093,NAD83,1713.54,NAVD88,10130201,1930-02-21,2023-04-14,90,43,Northwestern Great Plains,"c(-101.6221093, 47.2852816)"
06342100,"SQUARE BUTTE CREEK TRIB NO. 2 NR CENTER, ND",47.111106,-101.2518153,NAD83,NA,NA,10130101,NA,1976-03-17,22,43,Northwestern Great Plains,"c(-101.2518153, 47.111106)"
06342260,"SQUARE BUTTE CREEK BELOW CENTER, ND",47.05749409,-101.1957001,NAD83,1865.55,NAVD88,10130101,1966-06-24,2023-04-18,58,43,Northwestern Great Plains,"c(-101.1957001, 47.05749409)"
06342450,"BURNT CREEK NEAR BISMARCK, ND",46.91495565,-100.813828,NAD83,1690.4,NAVD88,10130101,1968-03-05,2023-04-17,55,43,Northwestern Great Plains,"c(-100.813828, 46.91495565)"
06342500,"MISSOURI RIVER AT BISMARCK, ND",46.81416667,-100.8213889,NAD83,1619.64,NAVD88,10130101,1881-03-31,2023-04-15,96,43,Northwestern Great Plains,"c(-100.8213889, 46.81416667)"
06343000,"HEART RIVER NR SOUTH HEART, ND",46.86556675,-102.9485116,NAD83,2431.32,NAVD88,10130202,1947-06-23,2023-04-11,72,43,Northwestern Great Plains,"c(-102.9485116, 46.86556675)"
06344000,"HEART RIVER BL DICKINSON DAM NR DICKINSON, ND",46.8619535,-102.816568,NAD83,2384,NAVD88,10130202,1952-04-03,1972-03-14,21,43,Northwestern Great Plains,"c(-102.816568, 46.8619535)"
06344600,"GREEN RIVER NEAR NEW HRADEC, ND",47.0277231,-103.0533527,NAD83,2505.41,NAVD88,10130202,1964-07-05,2023-04-12,60,43,Northwestern Great Plains,"c(-103.0533527, 47.0277231)"
06345000,"GREEN RIVER NR GLADSTONE, ND",46.8944521,-102.6240699,NAD83,2311.55,NGVD29,10130202,NA,1976-03-21,32,43,Northwestern Great Plains,"c(-102.6240699, 46.8944521)"
06345500,"HEART RIVER NR RICHARDTON, ND",46.74555556,-102.3083333,NAD83,2155.25,NAVD88,10130202,1905-07-05,2023-04-12,100,43,Northwestern Great Plains,"c(-102.3083333, 46.74555556)"
06345780,"HEART R AB LAKE TSCHIDA NR GLEN ULLIN, ND",46.6569506,-102.0793279,NAD83,2075.01,NAVD88,10130202,1988-07-09,2023-04-12,36,43,Northwestern Great Plains,"c(-102.0793279, 46.6569506)"
06346500,"HEART R BELOW HEART BUTTE DAM NR GLEN ULLIN, ND",46.5972286,-101.8018145,NAD83,1998.87,NGVD29,10130203,1943-03-25,1972-03-17,29,43,Northwestern Great Plains,"c(-101.8018145, 46.5972286)"
06347000,"ANTELOPE CREEK NR CARSON, ND",46.5452839,-101.6454228,NAD83,1961.38,NAVD88,10130203,1943-03-25,NA,54,43,Northwestern Great Plains,"c(-101.6454228, 46.5452839)"
06347500,"BIG MUDDY CREEK NEAR ALMONT, ND",46.69444606,-101.4673665,NAD83,1866.03,NAVD88,10130203,1946-03-03,2023-04-14,61,43,Northwestern Great Plains,"c(-101.4673665, 46.69444606)"
06348000,"HEART RIVER NR LARK, ND",46.61027956,-101.3820894,NAD83,1802.83,NGVD29,10130203,1947-03-25,1995-03-13,49,43,Northwestern Great Plains,"c(-101.3820894, 46.61027956)"
06348300,"HEART RIVER AT STARK BRIDGE NEAR JUDSON, ND",46.7033333,-101.2136111,NAD83,1721.3,NAVD88,10130203,1989-03-12,2023-04-14,35,43,Northwestern Great Plains,"c(-101.2136111, 46.7033333)"
06348500,"SWEETBRIAR CREEK NEAR JUDSON, ND",46.85106476,-101.2532875,NAD83,1887.68,NAVD88,10130203,1950-04-17,2023-04-15,51,43,Northwestern Great Plains,"c(-101.2532875, 46.85106476)"
06349000,"HEART RIVER NR MANDAN, ND",46.8338827,-100.9745789,NAD83,1639.47,NAVD88,10130203,1924-04-07,2023-04-15,93,43,Northwestern Great Plains,"c(-100.9745789, 46.8338827)"
06350000,"CANNONBALL RIVER AT REGENT, ND",46.42667116,-102.5518303,NAD83,2424.49,NAVD88,10130204,1950-04-16,2023-04-12,74,43,Northwestern Great Plains,"c(-102.5518303, 46.42667116)"
06351000,"CANNONBALL RIVER BELOW BENTLEY, ND",46.3583383,-102.0420978,NAD83,2252.09,NGVD29,10130204,1943-03-25,1981-08-18,39,43,Northwestern Great Plains,"c(-102.0420978, 46.3583383)"
06351200,"CANNONBALL RIVER NEAR RALEIGH, ND",46.12689745,-101.3332835,NAD83,1854.61,NAVD88,10130204,2001-03-13,2023-04-14,23,43,Northwestern Great Plains,"c(-101.3332835, 46.12689745)"
06351680,"WHITE BUTTE FORK CEDAR CREEK NR SCRANTON, ND",46.3222309,-102.996276,NAD83,2825,NGVD29,10130205,1965-05-25,1995-05-09,31,43,Northwestern Great Plains,"c(-102.996276, 46.3222309)"
06352000,"CEDAR CREEK NR HAYNES, ND",46.15528136,-102.4757133,NAD83,2472.19,NAVD88,10130205,1950-04-16,2023-04-12,74,43,Northwestern Great Plains,"c(-102.4757133, 46.15528136)"
06352500,"CEDAR CREEK NR PRETTY ROCK, ND",46.0319492,-101.8323613,NAD83,2155.17,NGVD29,10130205,1943-03-24,1976-06-03,34,43,Northwestern Great Plains,"c(-101.8323613, 46.0319492)"
06353000,"CEDAR CREEK NR RALEIGH, ND",46.09166988,-101.333742,NAD83,1882.73,NAVD88,10130205,1939-04-25,2023-04-13,64,43,Northwestern Great Plains,"c(-101.333742, 46.09166988)"
06353500,"CANNONBALL RIVER NR TIMMER, ND",46.3230548,-101.0042996,NAD83,1700,NGVD29,10130206,1903-08-14,1934-06-08,23,43,Northwestern Great Plains,"c(-101.0042996, 46.3230548)"
06354000,"CANNONBALL RIVER AT BREIEN, ND",46.3761111,-100.9344444,NAD83,1675.02,NAVD88,10130206,1906-06-06,2023-04-14,108,43,Northwestern Great Plains,"c(-100.9344444, 46.3761111)"
06354882,"OAK CR NEAR WAKPALA,SD",45.7119422,-100.5593015,NAD83,1685,NAVD88,10130102,1985-03-18,2016-04-18,32,43,Northwestern Great Plains,"c(-100.5593015, 45.7119422)"
06355000,"NORTH FORK GRAND RIVER AT HALEY, ND",45.96083639,-103.119617,NAD83,2658.6,NGVD29,10130301,1909-05-31,1995-05-14,57,43,Northwestern Great Plains,"c(-103.119617, 45.96083639)"
06355500,"NORTH FORK GRAND RIVER NEAR WHITE BUTTE,SD",45.80222,-102.3623795,NAD83,2298.97,NAVD88,10130301,1946-07-02,2023-04-13,78,43,Northwestern Great Plains,"c(-102.3623795, 45.80222)"
06356000,SOUTH FORK GRAND R AT BUFFALO SD,45.5761079,-103.5443583,NAD83,2839.6,NGVD29,10130302,1908-01-01,1994-07-05,40,43,Northwestern Great Plains,"c(-103.5443583, 45.5761079)"
06356500,"SOUTH FORK GRAND RIVER NEAR CASH,SD",45.6486883,-102.6433259,NAD83,2424.17,NAVD88,10130302,1946-05-25,2023-06-26,74,43,Northwestern Great Plains,"c(-102.6433259, 45.6486883)"
06357500,GRAND R AT SHADEHILL SD,45.7563845,-102.1959888,NAD83,2192.48,NGVD29,10130303,1944-04-07,1992-07-17,47,43,Northwestern Great Plains,"c(-102.1959888, 45.7563845)"
06357800,"GRAND RIVER AT LITTLE EAGLE,SD",45.65777405,-100.8181933,NAD83,1625.89,NAVD88,10130303,1959-03-12,2023-04-11,65,43,Northwestern Great Plains,"c(-100.8181933, 45.65777405)"
06358000,GRAND R NEAR WAKPALA SD,45.6611078,-100.639303,NAD83,1601,NAVD88,10130102,1914-06-15,1964-06-10,38,43,Northwestern Great Plains,"c(-100.639303, 45.6611078)"
06358500,MISSOURI R NEAR MOBRIDGE SD,45.52360529,-100.4737485,NAD83,1609,NAVD88,10130102,1929-03-30,1961-03-20,33,43,Northwestern Great Plains,"c(-100.4737485, 45.52360529)"
06358520,DEADMAN CR TRIB NEAR MOBRIDGE SD,45.47082628,-100.4987503,NAD83,1824,NAVD88,10130102,1956-03-18,1980-06-02,25,43,Northwestern Great Plains,"c(-100.4987503, 45.47082628)"
06358600,SOUTH FORK MOREAU R TRIB NEAR REDIG SD,45.19582468,-103.5696365,NAD83,NA,NA,10130304,NA,1980-08-16,24,43,Northwestern Great Plains,"c(-103.5696365, 45.19582468)"
06359000,MOREAU R AT BIXBY SD,45.143597,-102.558772,NAD83,2431.02,NGVD29,10130305,1949-03-23,1973-06-03,25,43,Northwestern Great Plains,"c(-102.558772, 45.143597)"
06359500,"MOREAU RIVER NEAR FAITH,SD",45.19775826,-102.1565472,NAD83,2240.16,NAVD88,10130306,1944-04-09,2023-05-13,80,43,Northwestern Great Plains,"c(-102.1565472, 45.19775826)"
06359800,THUNDER BUTTE CR TRIB NEAR GLAD VALLEY SD,45.4434802,-102.0163724,NAD83,NA,NA,10130306,1970-06-08,2022-04-24,22,43,Northwestern Great Plains,"c(-102.0163724, 45.4434802)"
06360500,"MOREAU RIVER NEAR WHITEHORSE,SD",45.2558171,-100.8429214,NAD83,1662.82,NAVD88,10130306,NA,2023-05-15,70,43,Northwestern Great Plains,"c(-100.8429214, 45.2558171)"
06361000,MOREAU RIVER AT PROMISE SD,45.3431222,-100.6133889,NAD83,1597.77,NAVD88,10130306,1929-03-24,1958-07-06,30,43,Northwestern Great Plains,"c(-100.6133889, 45.3431222)"
06379600,"BOX CREEK NEAR BILL, WY",43.1055228,-105.2602575,NAD83,4694.12,NGVD29,10120105,1957-06-09,1981-07-25,23,43,Northwestern Great Plains,"c(-105.2602575, 43.1055228)"
06386000,"LANCE CREEK NEAR RIVERVIEW, WY",43.35524978,-104.2713317,NAD83,3695,NGVD29,10120104,1948-06-23,1983-06-20,34,43,Northwestern Great Plains,"c(-104.2713317, 43.35524978)"
06386500,"CHEYENNE RIVER NEAR SPENCER, WY",43.42108409,-104.1316022,NAD83,3581.76,NAVD88,10120106,1949-02-24,2023-07-08,41,43,Northwestern Great Plains,"c(-104.1316022, 43.42108409)"
06387500,"TURNER CREEK NEAR OSAGE, WY",44.0073611,-104.5038056,NAD83,4122,NAVD88,10120107,1959-01-01,1984-06-09,26,43,Northwestern Great Plains,"c(-104.5038056, 44.0073611)"
06388800,"BLACKTAIL CREEK TRIBUTARY NEAR NEWCASTLE, WY",43.79803309,-104.1816064,NAD83,4240,NGVD29,10120107,1961-08-11,1981-07-25,21,43,Northwestern Great Plains,"c(-104.1816064, 43.79803309)"
06394000,"BEAVER CREEK NEAR NEWCASTLE, WYO.",43.53525197,-104.117713,NAD83,3660,NGVD29,10120107,1943-03-27,1997-10-09,55,43,Northwestern Great Plains,"c(-104.117713, 43.53525197)"
06395000,"CHEYENNE RIVER AT EDGEMONT,SD",43.3055286,-103.8210312,NAD83,3416.32,NAVD88,10120106,1905-07-30,2023-07-09,83,43,Northwestern Great Plains,"c(-103.8210312, 43.3055286)"
06396200,FIDDLE CR NEAR EDGEMONT SD,43.30441686,-103.9965946,NAD83,NA,NA,10120106,1956-06-18,1980-06-15,25,43,Northwestern Great Plains,"c(-103.9965946, 43.30441686)"
06396300,COTTONWOOD CR TRIB NEAR EDGEMONT SD,43.29663948,-103.8676999,NAD83,NA,NA,10120106,1956-07-08,1980-06-15,25,43,Northwestern Great Plains,"c(-103.8676999, 43.29663948)"
06399300,HAT CR TRIB NEAR ARDMORE SD,43.093631,-103.6586398,NAD83,NA,NA,10120108,1956-03-01,1979-07-05,23,43,Northwestern Great Plains,"c(-103.6586398, 43.093631)"
06400000,"HAT CREEK NEAR EDGEMONT,SD",43.2399736,-103.5882519,NAD83,3297.31,NAVD88,10120108,1905-08-12,2023-05-14,74,43,Northwestern Great Plains,"c(-103.5882519, 43.2399736)"
06400500,CHEYENNE R NEAR HOT SPRINGS SD,43.30525297,-103.5624182,NAD83,3190.89,NGVD29,10120106,1915-06-12,1972-03-05,36,43,Northwestern Great Plains,"c(-103.5624182, 43.30525297)"
06400875,"HORSEHEAD CREEK AT OELRICHS,SD",43.18803166,-103.2265866,NAD83,3316.3,NAVD88,10120106,1984-04-30,2023-05-15,40,43,Northwestern Great Plains,"c(-103.2265866, 43.18803166)"
06401500,"CHEYENNE RIVER BELOW ANGOSTURA DAM,SD",43.34497757,-103.4371412,NAD83,3060.3,NAVD88,10120109,1946-06-19,2023-07-29,78,43,Northwestern Great Plains,"c(-103.4371412, 43.34497757)"
06402500,"BEAVER CREEK NEAR BUFFALO GAP,SD",43.4666495,-103.3060308,NAD83,3151.87,NAVD88,10120109,1927-01-01,2023-06-27,88,43,Northwestern Great Plains,"c(-103.3060308, 43.4666495)"
06402600,CHEYENNE RIVER NEAR BUFFALO GAP SD,43.5019636,-103.0744103,NAD83,2812.85,NAVD88,10120109,1969-07-21,2023-05-12,28,43,Northwestern Great Plains,"c(-103.0744103, 43.5019636)"
06403700,"CHEYENNE RIVER AT RED SHIRT, SD",43.6724058,-102.8921298,NAD83,2653.21,NAVD88,10120109,1999-06-15,2023-07-31,25,43,Northwestern Great Plains,"c(-102.8921298, 43.6724058)"
06406000,"BATTLE CREEK AT HERMOSA,SD",43.82804586,-103.1960211,NAD83,3280.3,NAVD88,10120109,1950-07-02,2023-09-13,74,43,Northwestern Great Plains,"c(-103.1960211, 43.82804586)"
06406500,"BATTLE CREEK BELOW HERMOSA,SD",43.72543145,-102.9061231,NAD83,2800.32,NAVD88,10120109,1951-06-26,2023-09-15,38,43,Northwestern Great Plains,"c(-102.9061231, 43.72543145)"
06408500,"SPRING CR NEAR HERMOSA,SD",43.9416695,-103.1591456,NAD83,3265.3,NGVD29,10120109,1950-08-12,2004-01-10,55,43,Northwestern Great Plains,"c(-103.1591456, 43.9416695)"
06416000,"RAPID CREEK BLW HAWTHORN DITCH AT RAPID CITY,SD",44.06726568,-103.18093,NAD83,3125.71,NAVD88,10120110,1947-06-24,2023-05-29,33,43,Northwestern Great Plains,"c(-103.18093, 44.06726568)"
06418900,"RAPID CR BL SEWAGE TREATMENT PL NR RAPID CITY, SD",44.0236549,-103.095844,NAD83,3000.65,NAVD88,10120110,1982-07-25,2016-07-03,35,43,Northwestern Great Plains,"c(-103.095844, 44.0236549)"
06421500,"RAPID CR NEAR FARMINGDALE,SD",43.94210239,-102.8539247,NAD83,2699.74,NAVD88,10120110,1947-06-21,2023-05-12,76,43,Northwestern Great Plains,"c(-102.8539247, 43.94210239)"
06421800,"LINDSEY DRAW NEAR FARMINGDALE, SD",43.9074888,-102.859065,NAD83,2753.61,NAVD88,10120110,1998-06-17,2023-05-12,26,43,Northwestern Great Plains,"c(-102.859065, 43.9074888)"
06423500,"CHEYENNE RIVER NEAR WASTA, SD",44.08109849,-102.4012746,NAD83,2262.16,NAVD88,10120111,1915-06-13,2023-05-13,96,43,Northwestern Great Plains,"c(-102.4012746, 44.08109849)"
06425100,"ELK CREEK NR RAPID CITY,SD",44.2402646,-103.1512907,NAD83,2943.73,NAVD88,10120111,1979-08-08,2023-06-28,45,43,Northwestern Great Plains,"c(-103.1512907, 44.2402646)"
06425500,"ELK CREEK NEAR ELM SPRINGS,SD",44.24831768,-102.5032217,NAD83,2305.99,NAVD88,10120111,NA,2023-06-24,75,43,Northwestern Great Plains,"c(-102.5032217, 44.24831768)"
06425720,"BELLE FOURCHE R BL RATTLESNAKE C, NR PINEY, WY",43.98442105,-105.388325,NAD83,4535,NGVD29,10120201,1976-02-09,2017-04-29,24,43,Northwestern Great Plains,"c(-105.388325, 43.98442105)"
06426500,"BELLE FOURCHE RIVER BELOW MOORCROFT, WY",44.32192645,-104.9405313,NAD83,4110,NGVD29,10120201,1924-04-07,2023-03-17,71,43,Northwestern Great Plains,"c(-104.9405313, 44.32192645)"
06428500,BELLE FOURCHE RIVER AT WY-SD STATE LINE,44.74887406,-104.0516018,NAD83,3096.51,NAVD88,10120202,1947-06-23,2023-06-24,77,43,Northwestern Great Plains,"c(-104.0516018, 44.74887406)"
06433000,"REDWATER RIVER ABOVE BELLE FOURCHE,SD",44.66720665,-103.8393696,NAD83,3008.75,NAVD88,10120203,1946-05-31,2023-06-24,78,43,Northwestern Great Plains,"c(-103.8393696, 44.66720665)"
06433500,HAY CR AT BELLE FOURCHE SD,44.66708999,-103.8467838,NAD83,3005.18,NGVD29,10120203,1954-04-06,2008-06-06,44,43,Northwestern Great Plains,"c(-103.8467838, 44.66708999)"
06434505,"INLET CANAL ABOVE BELLE FOURCHE RESERVOIR,SD",44.70092898,-103.7327817,NAD83,2978.74,NAVD88,10120202,1995-05-02,2023-06-24,29,43,Northwestern Great Plains,"c(-103.7327817, 44.70092898)"
06436000,"BELLE FOURCHE RIVER NEAR FRUITDALE,SD",44.6908178,-103.7376985,NAD83,2928.09,NAVD88,10120202,1946-06-01,2023-06-24,78,43,Northwestern Great Plains,"c(-103.7376985, 44.6908178)"
06436190,"WHITEWOOD CREEK NEAR WHITEWOOD,SD",44.54175655,-103.5719867,NAD83,3163.2,NAVD88,10120202,1982-05-20,2023-05-13,42,43,Northwestern Great Plains,"c(-103.5719867, 44.54175655)"
06436198,"WHITEWOOD CREEK ABOVE VALE,SD",44.617485,-103.4807452,NAD83,2849.1,NAVD88,10120202,1983-05-07,2023-05-14,41,43,Northwestern Great Plains,"c(-103.4807452, 44.617485)"
06436760,"HORSE CR ABOVE VALE,SD",44.65265259,-103.366697,NAD83,2710,NGVD29,10120202,1981-07-27,2012-09-10,32,43,Northwestern Great Plains,"c(-103.366697, 44.65265259)"
06437000,"BELLE FOURCHE RIVER NEAR STURGIS,SD",44.5130418,-103.1368464,NAD83,2527.31,NAVD88,10120202,1946-05-24,2023-05-14,78,43,Northwestern Great Plains,"c(-103.1368464, 44.5130418)"
06437500,BEAR BUTTE CR NEAR STURGIS SD,44.4808495,-103.2759863,NAD83,2779.91,NGVD29,10120202,1946-05-24,2023-04-29,61,43,Northwestern Great Plains,"c(-103.2759863, 44.4808495)"
06437650,"ELM CREEK NEAR FAIRPOINT, SD",44.7830441,-103.0623992,NAD83,2820,NGVD29,10120202,1999-06-06,2023-05-14,25,43,Northwestern Great Plains,"c(-103.0623992, 44.7830441)"
06438000,"BELLE FOURCHE RIVER NEAR ELM SPRINGS,SD",44.369989,-102.5665256,NAD83,2168.8,NAVD88,10120202,NA,2023-06-24,96,43,Northwestern Great Plains,"c(-102.5665256, 44.369989)"
06438500,"CHEYENNE RIVER NEAR PLAINVIEW,SD",44.5294304,-101.9301531,NAD83,1848.7,NAVD88,10120112,NA,2023-05-14,62,43,Northwestern Great Plains,"c(-101.9301531, 44.5294304)"
06438800,"ELM CREEK NEAR RED OWL, SD",44.75110037,-102.4490547,NAD83,2455,NGVD29,10120113,2000-07-07,2023-05-14,24,43,Northwestern Great Plains,"c(-102.4490547, 44.75110037)"
06439000,"CHERRY CREEK NEAR PLAINVIEW,SD",44.74304495,-102.0534948,NAD83,2158.24,NAVD88,10120113,1946-05-26,2023-06-26,65,43,Northwestern Great Plains,"c(-102.0534948, 44.74304495)"
06439050,CHERRY CR TRIB NEAR AVANCE SD,44.80915489,-102.0554389,NAD83,NA,NA,10120113,NA,1980-08-20,25,43,Northwestern Great Plains,"c(-102.0554389, 44.80915489)"
06439080,CHERRY CR TRIB NO 3 NEAR AVANCE SD,44.8508206,-102.0437718,NAD83,NA,NA,10120113,NA,1980-06-04,25,43,Northwestern Great Plains,"c(-102.0437718, 44.8508206)"
06439100,BEAVER CR NEAR FAITH SD,44.93915206,-102.0440489,NAD83,NA,NA,10120113,NA,1980-01-01,25,43,Northwestern Great Plains,"c(-102.0440489, 44.93915206)"
06439300,"CHEYENNE RIVER AT CHERRY CREEK,SD",44.59970657,-101.4979254,NAD83,1702.87,NGVD29,10120112,1961-07-28,1994-06-08,34,43,Northwestern Great Plains,"c(-101.4979254, 44.59970657)"
06439500,CHEYENNE RIVER NEAR EAGLE BUTTE SD,44.69637199,-101.2173711,NAD83,1605.05,NAVD88,10130105,1920-05-13,2023-05-15,46,43,Northwestern Great Plains,"c(-101.2173711, 44.69637199)"
06440000,"MISSOURI RIVER AT PIERRE,SD",44.3730377,-100.3679114,NAD83,1415.48,NAVD88,10140101,1930-04-07,1965-08-13,36,43,Northwestern Great Plains,"c(-100.3679114, 44.3730377)"
06440200,"SOUTH FORK BAD RIVER NEAR COTTONWOOD,SD",43.9690175,-101.767229,NAD83,2244.59,NAVD88,10140102,1989-03-11,2023-05-13,35,43,Northwestern Great Plains,"c(-101.767229, 43.9690175)"
06440300,"UNNAMED TRIB COTTONWOOD CREEK NEAR QUINN, SD",43.9605172,-102.1386008,NAD83,2600,NGVD29,10140102,1998-11-09,2023-05-13,25,43,Northwestern Great Plains,"c(-102.1386008, 43.9605172)"
06440850,"MEDICINE CREEK NEAR PHILIP, SD",44.0547661,-101.4872815,NAD83,NA,NA,10140102,1990-06-01,2023-04-11,34,43,Northwestern Great Plains,"c(-101.4872815, 44.0547661)"
06441000,"BAD RIVER NEAR MIDLAND,SD",44.0672095,-101.1608623,NAD83,1850.65,NAVD88,10140102,1946-06-20,2023-04-12,76,43,Northwestern Great Plains,"c(-101.1608623, 44.0672095)"
06441100,"PLUM CREEK NEAR HAYES, SD",44.3447055,-101.1281985,NAD83,2034,NGVD29,10140102,1989-01-01,2023-05-13,35,43,Northwestern Great Plains,"c(-101.1281985, 44.3447055)"
06441110,"PLUM CREEK BELOW HAYES, SD",44.21053769,-100.7265279,NAD83,1612,NGVD29,10140102,1990-06-01,2023-04-11,32,43,Northwestern Great Plains,"c(-100.7265279, 44.21053769)"
06441500,"BAD RIVER NEAR FORT PIERRE,SD",44.32664897,-100.3843003,NAD83,1429.08,NAVD88,10140102,NA,2023-04-12,98,43,Northwestern Great Plains,"c(-100.3843003, 44.32664897)"
06441650,MUSH CR NEAR PIERRE SD,44.33692755,-100.2120736,NAD83,NA,NA,10140101,1956-08-10,1980-08-20,25,43,Northwestern Great Plains,"c(-100.2120736, 44.33692755)"
06442150,"CEDAR CREEK NEAR KENNEBEC, SD",44.1408193,-99.9440087,NAD83,1417.71,NAVD88,10140101,2002-03-28,2023-08-05,22,43,Northwestern Great Plains,"c(-99.9440087, 44.1408193)"
06442350,NORTH FORK MEDICINE CR NEAR VIVIAN SD,43.95165439,-100.3240204,NAD83,NA,NA,10140104,1956-03-24,1980-08-16,25,43,Northwestern Great Plains,"c(-100.3240204, 43.95165439)"
06442400,MEDICINE CR TRIB NO 2 NEAR VIVIAN SD,44.0341533,-100.3248534,NAD83,NA,NA,10140104,1956-03-19,NA,25,43,Northwestern Great Plains,"c(-100.3248534, 44.0341533)"
06442500,MEDICINE CR AT KENNEBEC SD,43.9052407,-99.8761727,NAD83,1659.64,NGVD29,10140104,NA,2023-04-11,67,43,Northwestern Great Plains,"c(-99.8761727, 43.9052407)"
06442670,"COUNSELOR CREEK NEAR LOWER BRULE, SD",44.02618425,-99.5168029,NAD83,1418.41,NAVD88,10140101,2002-03-27,2023-04-12,22,43,Northwestern Great Plains,"c(-99.5168029, 44.02618425)"
06442718,CAMPBELL C NR LEE'S CORNER,44.077407,-99.3814387,NAD83,1440.32,NGVD29,10140101,1988-05-25,2022-05-31,35,43,Northwestern Great Plains,"c(-99.3814387, 44.077407)"
06444000,"White River at Crawford, Nebr.",42.68666667,-103.4177778,NAD83,3659.85,NGVD29,10140201,1920-05-20,2004-09-05,62,43,Northwestern Great Plains,"c(-103.4177778, 42.68666667)"
06445685,WHITE RIVER NEAR NE-SD STATE LINE,43.013036,-102.8357327,NAD83,3024.67,NAVD88,10140201,1988-05-20,2023-05-16,36,43,Northwestern Great Plains,"c(-102.8357327, 43.013036)"
06446000,WHITE RIVER NEAR OGLALA SD,43.25484357,-102.8273511,NAD83,2855.11,NAVD88,10140201,1944-06-14,2023-04-10,80,43,Northwestern Great Plains,"c(-102.8273511, 43.25484357)"
06446100,"WOUNDED KNEE CREEK AT WOUNDED KNEE, SD",43.14351647,-102.3583815,NAD83,3200,NGVD29,10140201,1993-03-23,2022-04-15,30,43,Northwestern Great Plains,"c(-102.3583815, 43.14351647)"
06446400,CAIN CR TRIB AT IMLAY SD,43.71638115,-102.3901678,NAD83,NA,NA,10140201,1956-08-08,1980-06-15,25,43,Northwestern Great Plains,"c(-102.3901678, 43.71638115)"
06446500,"WHITE RIVER NEAR INTERIOR,SD",43.69388346,-101.9326516,NAD83,2290.21,NAVD88,10140202,1905-06-18,2023-05-12,37,43,Northwestern Great Plains,"c(-101.9326516, 43.69388346)"
06446550,WHITE R TRIB NEAR INTERIOR SD,43.7474931,-101.9476526,NAD83,NA,NA,10140202,NA,1980-07-12,25,43,Northwestern Great Plains,"c(-101.9476526, 43.7474931)"
06446700,"BEAR IN THE LODGE CREEK NEAR WANBLEE,SD",43.53666558,-101.7985923,NAD83,2500.15,NAVD88,10140202,1994-06-10,2023-05-12,30,43,Northwestern Great Plains,"c(-101.7985923, 43.53666558)"
06447000,"WHITE RIVER NEAR KADOKA,SD",43.7524949,-101.5248665,NAD83,2123.8,NAVD88,10140202,1942-06-04,2023-05-13,82,43,Northwestern Great Plains,"c(-101.5248665, 43.7524949)"
06447050,"UNNAMED TRIB BUZZARD CREEK NR LONG VALLEY, SD",43.46166555,-101.4334803,NAD83,2575,NGVD29,10140202,1999-04-09,2022-10-01,24,43,Northwestern Great Plains,"c(-101.4334803, 43.46166555)"
06447230,"BLACK PIPE CREEK NEAR BELVIDERE, SD",43.75527266,-101.2279205,NAD83,2061,NAVD88,10140202,1993-06-29,2023-06-10,31,43,Northwestern Great Plains,"c(-101.2279205, 43.75527266)"
06447450,"WHITE RIVER NEAR WHITE RIVER, SD",43.71304839,-100.6850534,NAD83,1771,NAVD88,10140202,2002-09-11,2023-06-12,22,43,Northwestern Great Plains,"c(-100.6850534, 43.71304839)"
06447500,"LITTLE WHITE RIVER NEAR MARTIN,SD",43.1669155,-101.6327322,NAD83,3053.32,NAVD88,10140203,1932-05-05,2023-05-16,66,43,Northwestern Great Plains,"c(-101.6327322, 43.1669155)"
06448000,"LAKE CR ABOVE REFUGE NEAR TUTHILL,SD",43.08711217,-101.60387,NAD83,3090,NGVD29,10140203,1938-04-27,2015-05-11,41,43,Northwestern Great Plains,"c(-101.60387, 43.08711217)"
06449000,"LAKE CREEK BELOW REFUGE NEAR TUTHILL,SD",43.1459166,-101.5128713,NAD83,2989.58,NAVD88,10140203,1938-07-18,2022-12-16,64,43,Northwestern Great Plains,"c(-101.5128713, 43.1459166)"
06449400,ROSEBUD CR AT ROSEBUD SD,43.2372267,-100.8576446,NAD83,2531.91,NGVD29,10140203,1975-04-07,1997-02-16,23,43,Northwestern Great Plains,"c(-100.8576446, 43.2372267)"
06449500,LITTLE WHITE RIVER NEAR ROSEBUD SD,43.3255586,-100.8837556,NAD83,2296.25,NAVD88,10140203,1944-05-17,2023-07-31,80,43,Northwestern Great Plains,"c(-100.8837556, 43.3255586)"
06449700,LITTLE OAK CR NEAR MISSION SD,43.3291696,-100.7095845,NAD83,NA,NA,10140203,1956-03-19,1980-01-01,25,43,Northwestern Great Plains,"c(-100.7095845, 43.3291696)"
06450500,"LITTLE WHITE RIVER BELOW WHITE RIVER,SD",43.60138549,-100.7498608,NAD83,1914.19,NAVD88,10140203,1930-05-11,2023-05-14,79,43,Northwestern Great Plains,"c(-100.7498608, 43.60138549)"
06451600,"UNNAMED TRIB WHITE THUNDER CREEK NEAR WOOD, SD",43.62346647,-100.510497,NAD83,1958.75,NGVD29,10140204,1999-05-10,2023-04-10,25,43,Northwestern Great Plains,"c(-100.510497, 43.62346647)"
06451650,"WILLIAMS CREEK NEAR VIVIAN, SD",43.72582386,-100.2976334,NAD83,1700,NGVD29,10140204,1999-09-04,2023-01-01,25,43,Northwestern Great Plains,"c(-100.2976334, 43.72582386)"
06452000,"WHITE RIVER NEAR OACOMA,SD",43.74832745,-99.5564948,NAD83,1378.4,NAVD88,10140204,1929-03-10,2023-06-12,95,43,Northwestern Great Plains,"c(-99.5564948, 43.74832745)"
06461000,"MINNECHADUZA CREEK AT VALENTINE, NEBR.",42.88555556,-100.5516667,NAD83,2470,NGVD29,10150004,1948-03-20,1993-03-10,46,43,Northwestern Great Plains,"c(-100.5516667, 42.88555556)"
06461500,"Niobrara River near Sparks, Nebr.",42.90207778,-100.3625278,NAD83,2288.68,NAVD88,10150004,1946-09-19,2022-04-30,77,43,Northwestern Great Plains,"c(-100.3625278, 42.90207778)"
06462000,NIOBRARA RIVER NR NORDEN NEBR,42.78694679,-100.0353998,NAD83,2108.93,NGVD29,10150004,1953-06-20,1986-06-10,32,43,Northwestern Great Plains,"c(-100.0353998, 42.78694679)"
06462500,"PLUM CREEK AT MEADVILLE, NE",42.75361097,-99.8640082,NAD83,2026,NGVD29,10150004,1948-04-25,1994-09-03,46,43,Northwestern Great Plains,"c(-99.8640082, 42.75361097)"
06463500,"Long Pine Creek near Riverview, Nebr.",42.6896361,-99.6794472,NAD83,1988.12,NAVD88,10150004,1949-06-12,2022-05-01,73,43,Northwestern Great Plains,"c(-99.6794472, 42.6896361)"
06463900,ANTELOPE CR NEAR MISSION SD,43.27378198,-100.6846396,NAD83,2585.84,NAVD88,10150006,1990-07-11,2023-04-11,34,43,Northwestern Great Plains,"c(-100.6846396, 43.27378198)"
06464100,"KEYA PAHA RIVER NEAR KEYAPAHA,SD",43.12917164,-100.1070671,NAD83,2231,NAVD88,10150006,1982-02-20,2023-06-10,42,43,Northwestern Great Plains,"c(-100.1070671, 43.12917164)"
06464120,"SAND CREEK NEAR OLSONVILLE, SD",43.01753466,-100.4133803,NAD83,2575,NGVD29,10150006,1998-11-16,2023-04-11,25,43,Northwestern Great Plains,"c(-100.4133803, 43.01753466)"
06645000,"NORTH PLATTE RIVER BELOW CASPER, WY",42.85888889,-106.2113889,NAD83,5070,NGVD29,10180007,1929-05-30,1958-10-01,31,43,Northwestern Great Plains,"c(-106.2113889, 42.85888889)"
06646500,"DEER CREEK AT GLENROCK, WY",42.861633,-105.8677818,NAD83,4980,NGVD29,10180007,1917-05-16,1960-03-29,40,43,Northwestern Great Plains,"c(-105.8677818, 42.861633)"
06646600,"DEER CREEK BELOW MILLAR WASTEWAY, AT GLENROCK, WY",42.86385525,-105.866115,NAD83,4980,NGVD29,10180007,1961-04-20,1992-04-18,32,43,Northwestern Great Plains,"c(-105.866115, 42.86385525)"
06646700,"EAST FORK DRY CREEK TRIBUTARY NEAR GLENROCK, WY",42.79357749,-105.8283357,NAD83,5740,NGVD29,10180007,1961-01-01,1981-07-25,21,43,Northwestern Great Plains,"c(-105.8283357, 42.79357749)"
06646800,"NORTH PLATTE RIVER NEAR GLENROCK, WY",42.8360778,-105.7588882,NAD83,4920,NGVD29,10180007,1960-07-09,1992-06-27,33,43,Northwestern Great Plains,"c(-105.7588882, 42.8360778)"
06648000,"BOX ELDER CREEK NEAR CAREYHURST, WYO.",42.8355224,-105.6738847,NAD83,4930,NGVD29,10180007,1916-04-23,1970-06-12,51,43,Northwestern Great Plains,"c(-105.6738847, 42.8355224)"
06649500,"LA PRELE CREEK NEAR ORPHA, WYO.",42.8366337,-105.4908216,NAD83,4880,NGVD29,10180007,1924-04-24,1970-06-12,42,43,Northwestern Great Plains,"c(-105.4908216, 42.8366337)"
06649900,"NORTH PLATTE RIVER TRIBUTARY NEAR DOUGLAS, WY",42.68941205,-105.3922074,NAD83,5240,NGVD29,10180008,1961-05-22,1981-05-22,21,43,Northwestern Great Plains,"c(-105.3922074, 42.68941205)"
06650000,"NORTH PLATTE RIVER NEAR DOUGLAS, WY",42.68330096,-105.3910963,NAD83,4743.56,NGVD29,10180008,1929-05-30,1958-10-02,25,43,Northwestern Great Plains,"c(-105.3910963, 42.68330096)"
06650500,"WAGONHOUND CREEK NEAR LA BONTE, WY",42.65968997,-105.3699844,NAD83,4741,NGVD29,10180008,1917-05-20,1970-06-12,45,43,Northwestern Great Plains,"c(-105.3699844, 42.65968997)"
06651500,"LA BONTE CREEK NEAR LA BONTE, WY",42.65,-105.3572222,NAD83,4752,NGVD29,10180008,1917-05-28,1969-04-29,48,43,Northwestern Great Plains,"c(-105.3572222, 42.65)"
06651800,"SAND CREEK NEAR ORIN, WY",42.66913479,-105.2127564,NAD83,5000,NGVD29,10180008,1955-08-07,1984-07-22,25,43,Northwestern Great Plains,"c(-105.2127564, 42.66913479)"
06652000,"NORTH PLATTE RIVER AT ORIN, WY",42.65249599,-105.1591434,NAD83,4660,NGVD29,10180008,1895-06-04,2023-05-13,68,43,Northwestern Great Plains,"c(-105.1591434, 42.65249599)"
06652800,"NORTH PLATTE RIVER BELOW GLENDO RESERVOIR, WY",42.4569134,-104.9477477,NAD83,4488.94,NGVD29,10180008,1958-07-29,2016-06-28,59,43,Northwestern Great Plains,"c(-104.9477477, 42.4569134)"
06653500,"HORSESHOE CREEK NEAR GLENDO, WYO.",42.452469,-104.9702484,NAD83,4500,NGVD29,10180008,1917-05-30,1996-04-25,55,43,Northwestern Great Plains,"c(-104.9702484, 42.452469)"
